Location,SSID,Network type,Authentication,Encryption,BSSID,Signal,dBm,Radio type,Channel,Basic rates (Mbps),Other rates (Mbps)
GSR2-6,WLAN-SMU,Infrastructure,WPA2-Enterprise,CCMP,b0:b8:67:63:7f:32,100%,-50,802.11ac,108,12 24,36 48 54
GSR2-6,WLAN-SMU,Infrastructure,WPA2-Enterprise,CCMP,b4:5d:50:fe:41:91,30%,-85,802.11ac,100,12 24,36 48 54
GSR2-6,WLAN-SMU,Infrastructure,WPA2-Enterprise,CCMP,b4:5d:50:fd:bd:51,40%,-80,802.11ac,64,12 24,36 48 54
GSR2-6,WLAN-SMU,Infrastructure,WPA2-Enterprise,CCMP,b4:5d:50:fe:41:d1,15%,-92.5,802.11ac,52,12 24,36 48 54
GSR2-6,WLAN-SMU,Infrastructure,WPA2-Enterprise,CCMP,b4:5d:50:fe:44:b1,14%,-93,802.11ac,44,12 24,36 48 54
GSR2-6,WLAN-SMU,Infrastructure,WPA2-Enterprise,CCMP,b0:b8:67:62:1f:b2,10%,-95,802.11ac,120,12 24,36 48 54
GSR2-6,WLAN-SMU,Infrastructure,WPA2-Enterprise,CCMP,94:b4:0f:92:82:50,85%,-57.5,802.11ac,120,12 24,36 48 54
GSR2-6,WLAN-SMU,Infrastructure,WPA2-Enterprise,CCMP,b0:b8:67:63:4f:72,45%,-77.5,802.11ac,116,12 24,36 48 54
GSR2-6,WLAN-SMU,Infrastructure,WPA2-Enterprise,CCMP,b0:b8:67:63:57:52,15%,-92.5,802.11ac,56,12 24,36 48 54
GSR2-6,WLAN-SMU,Infrastructure,WPA2-Enterprise,CCMP,b0:b8:67:63:30:92,50%,-75,802.11ac,149,12 24,36 48 54
GSR2-6,WLAN-SMU,Infrastructure,WPA2-Enterprise,CCMP,f0:5c:19:ba:be:f0,10%,-95,802.11ac,40,12 24,36 48 54
GSR2-6,SMU_5G_178902,,,,b0:b8:67:63:66:32,13%,-93.5,802.11ac,48,12 24,36 48 54
GSR2-6,Flourish Bakehouse,,,,a0:36:bc:4b:66:44,15%,-92.5,802.11ax,40,6 24,9 12 18 36 48 54
GSR2-6,FB Staff-5G,,,,06:12:63:39:4f:28,14%,-93,802.11ax,36,6 12 24,9 18 36 48 54
GSR2-6,eduroam,,,,fc:12:63:39:4f:28,14%,-93,802.11ax,36,6 12 24,9 18 36 48 54
GSR2-6,eduroam,,,,b0:b8:67:63:7f:31,80%,-60,802.11ac,108,12 24,36 48 54
GSR2-6,eduroam,,,,b4:5d:50:fe:41:92,30%,-85,802.11ac,100,12 24,36 48 54
GSR2-6,eduroam,,,,b4:5d:50:fd:bd:52,45%,-77.5,802.11ac,64,12 24,36 48 54
GSR2-6,eduroam,,,,b4:5d:50:fe:41:d2,35%,-82.5,802.11ac,52,12 24,36 48 54
GSR2-6,eduroam,,,,b0:b8:67:63:50:b1,50%,-75,802.11ac,153,12 24,36 48 54
GSR2-6,eduroam,,,,b0:b8:67:63:4f:71,25%,-87.5,802.11ac,116,12 24,36 48 54
GSR2-6,eduroam,,,,b0:b8:67:63:57:51,5%,-97.5,802.11ac,56,12 24,36 48 54
GSR2-6,eduroam,,,,f0:5c:19:ba:bc:d2,15%,-92.5,802.11ac,161,12 24,36 48 54
GSR2-6,eduroam,,,,b0:b8:67:63:30:91,15%,-92.5,802.11ac,149,12 24,36 48 54
GSR2-6,eduroam,,,,18:64:72:4c:9a:72,55%,-72.5,802.11ac,36,12 24,36 48 54
GSR2-6,SMU_Visitor,,,,b0:b8:67:63:66:31,5%,-97.5,802.11ac,48,12 24,36 48 54
GSR2-6,SMU_Visitor,,,,b0:b8:67:63:7f:30,80%,-60,802.11ac,108,12 24,36 48 54
GSR2-6,SMU_Visitor,,,,b4:5d:50:fe:41:90,30%,-85,802.11ac,100,12 24,36 48 54
GSR2-6,SMU_Visitor,,,,b4:5d:50:fd:bd:50,45%,-77.5,802.11ac,64,12 24,36 48 54
GSR2-6,SMU_Visitor,,,,b4:5d:50:fe:41:d0,25%,-87.5,802.11ac,52,12 24,36 48 54
GSR2-6,SMU_Visitor,,,,b0:b8:67:63:50:b0,50%,-75,802.11ac,153,12 24,36 48 54
GSR2-6,SMU_Visitor,,,,b4:5d:50:fe:44:b0,15%,-92.5,802.11ac,44,12 24,36 48 54
GSR2-6,SMU_Visitor,,,,94:b4:0f:92:82:51,85%,-57.5,802.11ac,120,12 24,36 48 54
GSR2-6,SMU_Visitor,,,,b0:b8:67:63:4f:70,35%,-82.5,802.11ac,116,12 24,36 48 54
GSR2-6,SMU_Visitor,,,,b0:b8:67:63:57:50,15%,-92.5,802.11ac,56,12 24,36 48 54
GSR2-6,SMU_Visitor,,,,b0:b8:67:63:30:90,15%,-92.5,802.11ac,149,12 24,36 48 54
GSR2-6,SMU_Visitor,,,,f0:5c:19:ba:be:f1,10%,-95,802.11ac,40,12 24,36 48 54
CommonArea,WLAN-SMU,Infrastructure,WPA2-Enterprise,CCMP,b0:b8:67:63:7f:32,80%,-60,802.11ac,108,12 24,36 48 54
CommonArea,WLAN-SMU,Infrastructure,WPA2-Enterprise,CCMP,b4:5d:50:fe:41:91,30%,-85,802.11ac,100,12 24,36 48 54
CommonArea,WLAN-SMU,Infrastructure,WPA2-Enterprise,CCMP,b4:5d:50:fd:bd:51,40%,-80,802.11ac,64,12 24,36 48 54
CommonArea,WLAN-SMU,Infrastructure,WPA2-Enterprise,CCMP,b4:5d:50:fe:41:d1,15%,-92.5,802.11ac,52,12 24,36 48 54
CommonArea,WLAN-SMU,Infrastructure,WPA2-Enterprise,CCMP,b4:5d:50:fe:44:b1,14%,-93,802.11ac,44,12 24,36 48 54
CommonArea,WLAN-SMU,Infrastructure,WPA2-Enterprise,CCMP,b0:b8:67:62:1f:b2,10%,-95,802.11ac,120,12 24,36 48 54
CommonArea,WLAN-SMU,Infrastructure,WPA2-Enterprise,CCMP,94:b4:0f:92:82:50,85%,-57.5,802.11ac,120,12 24,36 48 54
CommonArea,WLAN-SMU,Infrastructure,WPA2-Enterprise,CCMP,b0:b8:67:63:4f:72,45%,-77.5,802.11ac,116,12 24,36 48 54
CommonArea,WLAN-SMU,Infrastructure,WPA2-Enterprise,CCMP,b0:b8:67:63:57:52,15%,-92.5,802.11ac,56,12 24,36 48 54
CommonArea,WLAN-SMU,Infrastructure,WPA2-Enterprise,CCMP,b0:b8:67:63:30:92,50%,-75,802.11ac,149,12 24,36 48 54
CommonArea,WLAN-SMU,Infrastructure,WPA2-Enterprise,CCMP,f0:5c:19:ba:be:f0,10%,-95,802.11ac,40,12 24,36 48 54
CommonArea,SMU_5G_178902,,,,b0:b8:67:63:66:32,13%,-93.5,802.11ac,48,12 24,36 48 54
CommonArea,Flourish Bakehouse,,,,a0:36:bc:4b:66:44,15%,-92.5,802.11ax,40,6 24,9 12 18 36 48 54
CommonArea,FB Staff-5G,,,,06:12:63:39:4f:28,14%,-93,802.11ax,36,6 12 24,9 18 36 48 54
CommonArea,eduroam,,,,fc:12:63:39:4f:28,14%,-93,802.11ax,36,6 12 24,9 18 36 48 54
CommonArea,eduroam,,,,b0:b8:67:63:7f:31,80%,-60,802.11ac,108,12 24,36 48 54
CommonArea,eduroam,,,,b4:5d:50:fe:41:92,30%,-85,802.11ac,100,12 24,36 48 54
CommonArea,eduroam,,,,b4:5d:50:fd:bd:52,45%,-77.5,802.11ac,64,12 24,36 48 54
CommonArea,eduroam,,,,b4:5d:50:fe:41:d2,35%,-82.5,802.11ac,52,12 24,36 48 54
CommonArea,eduroam,,,,b0:b8:67:63:50:b1,50%,-75,802.11ac,153,12 24,36 48 54
CommonArea,eduroam,,,,b0:b8:67:63:4f:71,25%,-87.5,802.11ac,116,12 24,36 48 54
CommonArea,eduroam,,,,b0:b8:67:63:57:51,5%,-97.5,802.11ac,56,12 24,36 48 54
CommonArea,eduroam,,,,f0:5c:19:ba:bc:d2,15%,-92.5,802.11ac,161,12 24,36 48 54
CommonArea,eduroam,,,,b0:b8:67:63:30:91,15%,-92.5,802.11ac,149,12 24,36 48 54
CommonArea,eduroam,,,,18:64:72:4c:9a:72,55%,-72.5,802.11ac,36,12 24,36 48 54
CommonArea,SMU_Visitor,,,,b0:b8:67:63:66:31,5%,-97.5,802.11ac,48,12 24,36 48 54
CommonArea,SMU_Visitor,,,,b0:b8:67:63:7f:30,80%,-60,802.11ac,108,12 24,36 48 54
CommonArea,SMU_Visitor,,,,b4:5d:50:fe:41:90,30%,-85,802.11ac,100,12 24,36 48 54
CommonArea,SMU_Visitor,,,,b4:5d:50:fd:bd:50,45%,-77.5,802.11ac,64,12 24,36 48 54
CommonArea,SMU_Visitor,,,,b4:5d:50:fe:41:d0,25%,-87.5,802.11ac,52,12 24,36 48 54
CommonArea,SMU_Visitor,,,,b0:b8:67:63:50:b0,50%,-75,802.11ac,153,12 24,36 48 54
CommonArea,SMU_Visitor,,,,b4:5d:50:fe:44:b0,15%,-92.5,802.11ac,44,12 24,36 48 54
CommonArea,SMU_Visitor,,,,94:b4:0f:92:82:51,85%,-57.5,802.11ac,120,12 24,36 48 54
CommonArea,SMU_Visitor,,,,b0:b8:67:63:4f:70,35%,-82.5,802.11ac,116,12 24,36 48 54
CommonArea,SMU_Visitor,,,,b0:b8:67:63:57:50,15%,-92.5,802.11ac,56,12 24,36 48 54
CommonArea,SMU_Visitor,,,,b0:b8:67:63:30:90,15%,-92.5,802.11ac,149,12 24,36 48 54
CommonArea,SMU_Visitor,,,,f0:5c:19:ba:be:f1,10%,-95,802.11ac,40,12 24,36 48 54
SR2-4a,WLAN-SMU,Infrastructure,WPA2-Enterprise,CCMP,b0:b8:67:63:7f:32,80%,-60,802.11ac,108,12 24,36 48 54
SR2-4a,WLAN-SMU,Infrastructure,WPA2-Enterprise,CCMP,b4:5d:50:fe:41:91,30%,-85,802.11ac,100,12 24,36 48 54
SR2-4a,WLAN-SMU,Infrastructure,WPA2-Enterprise,CCMP,b4:5d:50:fd:bd:51,40%,-80,802.11ac,64,12 24,36 48 54
SR2-4a,WLAN-SMU,Infrastructure,WPA2-Enterprise,CCMP,b4:5d:50:fe:41:d1,15%,-92.5,802.11ac,52,12 24,36 48 54
SR2-4a,SMU_5G_178902,,,,b4:5d:50:fe:44:b1,14%,-93,802.11ac,44,12 24,36 48 54
SR2-4a,Flourish Bakehouse,,,,a0:36:bc:4b:66:44,15%,-92.5,802.11ax,40,6 24,9 12 18 36 48 54
SR2-4a,FB Staff-5G,,,,06:12:63:39:4f:28,14%,-93,802.11ax,36,6 12 24,9 18 36 48 54
SR2-4a,eduroam,,,,fc:12:63:39:4f:28,14%,-93,802.11ax,36,6 12 24,9 18 36 48 54
SR2-4a,eduroam,,,,b0:b8:67:63:7f:31,80%,-60,802.11ac,108,12 24,36 48 54
SR2-4a,eduroam,,,,b4:5d:50:fe:41:92,30%,-85,802.11ac,100,12 24,36 48 54
SR2-4a,eduroam,,,,b4:5d:50:fd:bd:52,45%,-77.5,802.11ac,64,12 24,36 48 54
SR2-4a,eduroam,,,,b4:5d:50:fe:41:d2,35%,-82.5,802.11ac,52,12 24,36 48 54
SR2-4a,SMU_Visitor,,,,b0:b8:67:63:50:b1,50%,-75,802.11ac,153,12 24,36 48 54
SR2-4a,SMU_Visitor,,,,b0:b8:67:63:7f:30,80%,-60,802.11ac,108,12 24,36 48 54
SR2-4a,SMU_Visitor,,,,b4:5d:50:fe:41:90,30%,-85,802.11ac,100,12 24,36 48 54
SR2-4a,SMU_Visitor,,,,b4:5d:50:fd:bd:50,45%,-77.5,802.11ac,64,12 24,36 48 54
SR2-4a,SMU_Visitor,,,,b4:5d:50:fe:41:d0,25%,-87.5,802.11ac,52,12 24,36 48 54
SR2-4a,SMU_Visitor,,,,b0:b8:67:63:50:b0,50%,-75,802.11ac,153,12 24,36 48 54
SR2-4a,SMU_Visitor,,,,b4:5d:50:fe:44:b0,15%,-92.5,802.11ac,44,12 24,36 48 54
SR2-4b,WLAN-SMU,Infrastructure,WPA2-Enterprise,CCMP,b0:b8:67:63:7f:32,70%,-65,802.11ac,108,12 24,36 48 54
SR2-4b,WLAN-SMU,Infrastructure,WPA2-Enterprise,CCMP,b4:5d:50:fe:41:91,30%,-85,802.11ac,100,12 24,36 48 54
SR2-4b,WLAN-SMU,Infrastructure,WPA2-Enterprise,CCMP,b4:5d:50:fd:bd:51,40%,-80,802.11ac,64,12 24,36 48 54
SR2-4b,WLAN-SMU,Infrastructure,WPA2-Enterprise,CCMP,b4:5d:50:fe:41:d1,15%,-92.5,802.11ac,52,12 24,36 48 54
SR2-4b,SMU_5G_178902,,,,b4:5d:50:fe:44:b1,14%,-93,802.11ac,44,12 24,36 48 54
SR2-4b,Flourish Bakehouse,,,,a0:36:bc:4b:66:44,15%,-92.5,802.11ax,40,6 24,9 12 18 36 48 54
SR2-4b,FB Staff-5G,,,,06:12:63:39:4f:28,14%,-93,802.11ax,36,6 12 24,9 18 36 48 54
SR2-4b,eduroam,,,,fc:12:63:39:4f:28,14%,-93,802.11ax,36,6 12 24,9 18 36 48 54
SR2-4b,eduroam,,,,b0:b8:67:63:7f:31,80%,-60,802.11ac,108,12 24,36 48 54
SR2-4b,eduroam,,,,b4:5d:50:fe:41:92,30%,-85,802.11ac,100,12 24,36 48 54
SR2-4b,eduroam,,,,b4:5d:50:fd:bd:52,45%,-77.5,802.11ac,64,12 24,36 48 54
SR2-4b,eduroam,,,,b4:5d:50:fe:41:d2,35%,-82.5,802.11ac,52,12 24,36 48 54
SR2-4b,SMU_Visitor,,,,b0:b8:67:63:50:b1,50%,-75,802.11ac,153,12 24,36 48 54
SR2-4b,SMU_Visitor,,,,b0:b8:67:63:7f:30,80%,-60,802.11ac,108,12 24,36 48 54
SR2-4b,SMU_Visitor,,,,b4:5d:50:fe:41:90,30%,-85,802.11ac,100,12 24,36 48 54
SR2-4b,SMU_Visitor,,,,b4:5d:50:fd:bd:50,45%,-77.5,802.11ac,64,12 24,36 48 54
SR2-4b,SMU_Visitor,,,,b4:5d:50:fe:41:d0,25%,-87.5,802.11ac,52,12 24,36 48 54
SR2-4b,SMU_Visitor,,,,b0:b8:67:63:50:b0,50%,-75,802.11ac,153,12 24,36 48 54
SR2-4b,SMU_Visitor,,,,b4:5d:50:fe:44:b0,15%,-92.5,802.11ac,44,12 24,36 48 54
Stairs3,WLAN-SMU,Infrastructure,WPA2-Enterprise,CCMP,b0:b8:67:63:7f:32,95%,-52.5,802.11ac,108,12 24,36 48 54
SR2-3b,WLAN-SMU,Infrastructure,WPA2-Enterprise,CCMP,b0:b8:67:63:7f:32,100%,-50,802.11ac,108,12 24,36 48 54
SR2-3b,WLAN-SMU,Infrastructure,WPA2-Enterprise,CCMP,b4:5d:50:fe:48:41,90%,-55,802.11n,6,12 24,36 48 54
SR2-3b,WLAN-SMU,Infrastructure,WPA2-Enterprise,CCMP,b0:b8:67:63:7f:22,100%,-50,802.11n,6,12 24,36 48 54
SR2-3b,WLAN-SMU,Infrastructure,WPA2-Enterprise,CCMP,b4:5d:50:fe:48:51,45%,-77.5,802.11ac,136,12 24,36 48 54
SR2-3b,WLAN-SMU,Infrastructure,WPA2-Enterprise,CCMP,b0:b8:67:63:4a:32,15%,-92.5,802.11ac,124,12 24,36 48 54
SR2-3b,WLAN-SMU,Infrastructure,WPA2-Enterprise,CCMP,94:b4:0f:92:83:f0,12%,-94,802.11ac,124,12 24,36 48 54
SR2-3b,WLAN-SMU,Infrastructure,WPA2-Enterprise,CCMP,b4:5d:50:fe:41:91,35%,-82.5,802.11ac,100,12 24,36 48 54
SR2-3b,WLAN-SMU,Infrastructure,WPA2-Enterprise,CCMP,b4:5d:50:fd:bd:51,45%,-77.5,802.11ac,64,12 24,36 48 54
SR2-3b,WLAN-SMU,Infrastructure,WPA2-Enterprise,CCMP,18:64:72:5e:f2:10,14%,-93,802.11ac,56,12 24,36 48 54
SR2-3b,WLAN-SMU,Infrastructure,WPA2-Enterprise,CCMP,b4:5d:50:fe:41:d1,20%,-90,802.11ac,52,12 24,36 48 54
SR2-3b,WLAN-SMU,Infrastructure,WPA2-Enterprise,CCMP,f0:5c:19:ba:bc:d0,15%,-92.5,802.11ac,161,12 24,36 48 54
SR2-3b,WLAN-SMU,Infrastructure,WPA2-Enterprise,CCMP,b0:b8:67:63:50:b2,50%,-75,802.11ac,153,12 24,36 48 54
SR2-3b,WLAN-SMU,Infrastructure,WPA2-Enterprise,CCMP,b4:5d:50:fe:44:b1,20%,-90,802.11ac,44,12 24,36 48 54
SR2-3b,mary ann's A15,,,,f0:5c:19:ba:be:f0,20%,-90,802.11ac,40,12 24,36 48 54
SR2-3b,eduroam,,,,8e:9e:21:36:57:62,100%,-50,802.11ac,6,1 2 5.5 11,6 9 12 18 24 36 48 54
SR2-3b,eduroam,,,,b4:5d:50:fe:48:42,85%,-57.5,802.11n,6,12 24,36 48 54
SR2-3b,eduroam,,,,b0:b8:67:63:7f:21,100%,-50,802.11n,6,12 24,36 48 54
SR2-3b,eduroam,,,,b4:5d:50:fe:48:52,45%,-77.5,802.11ac,136,12 24,36 48 54
SR2-3b,eduroam,,,,b0:b8:67:63:4a:31,15%,-92.5,802.11ac,124,12 24,36 48 54
SR2-3b,eduroam,,,,b0:b8:67:63:7f:31,95%,-52.5,802.11ac,108,12 24,36 48 54
SR2-3b,eduroam,,,,b4:5d:50:fe:41:92,35%,-82.5,802.11ac,100,12 24,36 48 54
SR2-3b,eduroam,,,,b4:5d:50:fd:bd:52,50%,-75,802.11ac,64,12 24,36 48 54
SR2-3b,eduroam,,,,18:64:72:5e:f2:12,14%,-93,802.11ac,56,12 24,36 48 54
SR2-3b,eduroam,,,,b4:5d:50:fe:41:d2,40%,-80,802.11ac,52,12 24,36 48 54
SR2-3b,eduroam,,,,f0:5c:19:ba:bc:d2,5%,-97.5,802.11ac,161,12 24,36 48 54
SR2-3b,eduroam,,,,b0:b8:67:63:50:b1,50%,-75,802.11ac,153,12 24,36 48 54
SR2-3b,eduroam,,,,b4:5d:50:fe:44:b2,10%,-95,802.11ac,44,12 24,36 48 54
SR2-3b,SMU_Visitor,,,,f0:5c:19:ba:be:f2,20%,-90,802.11ac,40,12 24,36 48 54
SR2-3b,SMU_Visitor,,,,b4:5d:50:fe:48:40,65%,-67.5,802.11n,6,12 24,36 48 54
SR2-3b,SMU_Visitor,,,,b0:b8:67:63:7f:20,100%,-50,802.11n,6,12 24,36 48 54
SR2-3b,SMU_Visitor,,,,b4:5d:50:fe:48:50,45%,-77.5,802.11ac,136,12 24,36 48 54
SR2-3b,SMU_Visitor,,,,b0:b8:67:63:4a:30,5%,-97.5,802.11ac,124,12 24,36 48 54
SR2-3b,SMU_Visitor,,,,b0:b8:67:63:7f:30,95%,-52.5,802.11ac,108,12 24,36 48 54
SR2-3b,SMU_Visitor,,,,b4:5d:50:fd:bd:50,45%,-77.5,802.11ac,64,12 24,36 48 54
SR2-3b,SMU_Visitor,,,,18:64:72:5e:f2:11,14%,-93,802.11ac,56,12 24,36 48 54
SR2-3b,SMU_Visitor,,,,b4:5d:50:fe:41:d0,30%,-85,802.11ac,52,12 24,36 48 54
SR2-3b,SMU_Visitor,,,,f0:5c:19:ba:bc:d1,25%,-87.5,802.11ac,161,12 24,36 48 54
SR2-3b,SMU_Visitor,,,,b0:b8:67:63:50:b0,45%,-77.5,802.11ac,153,12 24,36 48 54
SR2-3b,SMU_Visitor,,,,b4:5d:50:fe:44:b0,15%,-92.5,802.11ac,44,12 24,36 48 54
SR2-3b,IROAD_X5_760829,,,,f0:5c:19:ba:be:f1,20%,-90,802.11ac,40,12 24,36 48 54
SR2-3b,Marbella-EX2Mini_8A6855,,,,1c:bf:ce:76:08:29,80%,-60,802.11n,6,1 2 5.5 11,6 9 12 18 24 36 48 54
SR2-3b,QashierPOS_FlourishBakehouse,,,,2c:05:47:8a:68:55,80%,-60,802.11n,6,1 2 5.5 11,6 9 12 18 24 36 48 54
SR2-3b,CS168-2160,,,,3c:52:a1:35:f7:58,25%,-87.5,802.11n,4,1 2 5.5 11,6 9 12 18 24 36 48 54
SR2-3b,DIRECT-MR-Android_728c,,,,60:8a:10:ce:6e:3e,85%,-57.5,802.11g,2,1 2 5.5 11,6 9 12 18 24 36 48 54
SR2-3b,,,,,ea:9a:ff:ad:77:af,100%,-50,802.11ac,161,6 12 24,9 18 36 48 54
SR2-3b,Flourish Bakehouse,,,,02:12:63:39:4f:28,15%,-92.5,802.11ax,36,6 12 24,9 18 36 48 54
SR2-3b,FB Staff-5G,,,,06:12:63:39:4f:28,13%,-93.5,802.11ax,36,6 12 24,9 18 36 48 54
SR2-3b,FB Staff-5G,,,,fc:12:63:39:4f:28,13%,-93.5,802.11ax,36,6 12 24,9 18 36 48 54
SR2-3a,WLAN-SMU,Infrastructure,WPA2-Enterprise,CCMP,b0:b8:67:63:7f:32,85%,-57.5,802.11ac,108,12 24,36 48 54
SR2-3a,WLAN-SMU,Infrastructure,WPA2-Enterprise,CCMP,b4:5d:50:fe:48:41,90%,-55,802.11n,6,12 24,36 48 54
SR2-3a,WLAN-SMU,Infrastructure,WPA2-Enterprise,CCMP,b0:b8:67:63:7f:22,100%,-50,802.11n,6,12 24,36 48 54
SR2-3a,WLAN-SMU,Infrastructure,WPA2-Enterprise,CCMP,b4:5d:50:fe:48:51,45%,-77.5,802.11ac,136,12 24,36 48 54
SR2-3a,WLAN-SMU,Infrastructure,WPA2-Enterprise,CCMP,b0:b8:67:63:4a:32,15%,-92.5,802.11ac,124,12 24,36 48 54
SR2-3a,WLAN-SMU,Infrastructure,WPA2-Enterprise,CCMP,94:b4:0f:92:83:f0,12%,-94,802.11ac,124,12 24,36 48 54
SR2-3a,WLAN-SMU,Infrastructure,WPA2-Enterprise,CCMP,b4:5d:50:fe:41:91,35%,-82.5,802.11ac,100,12 24,36 48 54
SR2-3a,WLAN-SMU,Infrastructure,WPA2-Enterprise,CCMP,b4:5d:50:fd:bd:51,45%,-77.5,802.11ac,64,12 24,36 48 54
SR2-3a,WLAN-SMU,Infrastructure,WPA2-Enterprise,CCMP,18:64:72:5e:f2:10,14%,-93,802.11ac,56,12 24,36 48 54
SR2-3a,WLAN-SMU,Infrastructure,WPA2-Enterprise,CCMP,b4:5d:50:fe:41:d1,20%,-90,802.11ac,52,12 24,36 48 54
SR2-3a,WLAN-SMU,Infrastructure,WPA2-Enterprise,CCMP,f0:5c:19:ba:bc:d0,15%,-92.5,802.11ac,161,12 24,36 48 54
SR2-3a,WLAN-SMU,Infrastructure,WPA2-Enterprise,CCMP,b0:b8:67:63:50:b2,50%,-75,802.11ac,153,12 24,36 48 54
SR2-3a,WLAN-SMU,Infrastructure,WPA2-Enterprise,CCMP,b4:5d:50:fe:44:b1,20%,-90,802.11ac,44,12 24,36 48 54
SR2-3a,mary ann's A15,,,,f0:5c:19:ba:be:f0,20%,-90,802.11ac,40,12 24,36 48 54
SR2-3a,eduroam,,,,8e:9e:21:36:57:62,100%,-50,802.11ac,6,1 2 5.5 11,6 9 12 18 24 36 48 54
SR2-3a,eduroam,,,,b4:5d:50:fe:48:42,85%,-57.5,802.11n,6,12 24,36 48 54
SR2-3a,eduroam,,,,b0:b8:67:63:7f:21,100%,-50,802.11n,6,12 24,36 48 54
SR2-3a,eduroam,,,,b4:5d:50:fe:48:52,45%,-77.5,802.11ac,136,12 24,36 48 54
SR2-3a,eduroam,,,,b0:b8:67:63:4a:31,15%,-92.5,802.11ac,124,12 24,36 48 54
SR2-3a,eduroam,,,,b0:b8:67:63:7f:31,95%,-52.5,802.11ac,108,12 24,36 48 54
SR2-3a,eduroam,,,,b4:5d:50:fe:41:92,35%,-82.5,802.11ac,100,12 24,36 48 54
SR2-3a,eduroam,,,,b4:5d:50:fd:bd:52,50%,-75,802.11ac,64,12 24,36 48 54
SR2-3a,eduroam,,,,18:64:72:5e:f2:12,14%,-93,802.11ac,56,12 24,36 48 54
SR2-3a,eduroam,,,,b4:5d:50:fe:41:d2,40%,-80,802.11ac,52,12 24,36 48 54
SR2-3a,eduroam,,,,f0:5c:19:ba:bc:d2,5%,-97.5,802.11ac,161,12 24,36 48 54
SR2-3a,eduroam,,,,b0:b8:67:63:50:b1,50%,-75,802.11ac,153,12 24,36 48 54
SR2-3a,eduroam,,,,b4:5d:50:fe:44:b2,10%,-95,802.11ac,44,12 24,36 48 54
SR2-3a,SMU_Visitor,,,,f0:5c:19:ba:be:f2,20%,-90,802.11ac,40,12 24,36 48 54
SR2-3a,SMU_Visitor,,,,b4:5d:50:fe:48:40,65%,-67.5,802.11n,6,12 24,36 48 54
SR2-3a,SMU_Visitor,,,,b0:b8:67:63:7f:20,100%,-50,802.11n,6,12 24,36 48 54
SR2-3a,SMU_Visitor,,,,b4:5d:50:fe:48:50,45%,-77.5,802.11ac,136,12 24,36 48 54
SR2-3a,SMU_Visitor,,,,b0:b8:67:63:4a:30,5%,-97.5,802.11ac,124,12 24,36 48 54
SR2-3a,SMU_Visitor,,,,b0:b8:67:63:7f:30,95%,-52.5,802.11ac,108,12 24,36 48 54
SR2-3a,SMU_Visitor,,,,b4:5d:50:fd:bd:50,45%,-77.5,802.11ac,64,12 24,36 48 54
SR2-3a,SMU_Visitor,,,,18:64:72:5e:f2:11,14%,-93,802.11ac,56,12 24,36 48 54
SR2-3a,SMU_Visitor,,,,b4:5d:50:fe:41:d0,30%,-85,802.11ac,52,12 24,36 48 54
SR2-3a,SMU_Visitor,,,,f0:5c:19:ba:bc:d1,25%,-87.5,802.11ac,161,12 24,36 48 54
SR2-3a,SMU_Visitor,,,,b0:b8:67:63:50:b0,45%,-77.5,802.11ac,153,12 24,36 48 54
SR2-3a,SMU_Visitor,,,,b4:5d:50:fe:44:b0,15%,-92.5,802.11ac,44,12 24,36 48 54
SR2-3a,IROAD_X5_760829,,,,f0:5c:19:ba:be:f1,20%,-90,802.11ac,40,12 24,36 48 54
SR2-3a,Marbella-EX2Mini_8A6855,,,,1c:bf:ce:76:08:29,80%,-60,802.11n,6,1 2 5.5 11,6 9 12 18 24 36 48 54
SR2-3a,QashierPOS_FlourishBakehouse,,,,2c:05:47:8a:68:55,80%,-60,802.11n,6,1 2 5.5 11,6 9 12 18 24 36 48 54
SR2-3a,CS168-2160,,,,3c:52:a1:35:f7:58,25%,-87.5,802.11n,4,1 2 5.5 11,6 9 12 18 24 36 48 54
SR2-3a,DIRECT-MR-Android_728c,,,,60:8a:10:ce:6e:3e,85%,-57.5,802.11g,2,1 2 5.5 11,6 9 12 18 24 36 48 54
SR2-3a,,,,,ea:9a:ff:ad:77:af,100%,-50,802.11ac,161,6 12 24,9 18 36 48 54
SR2-3a,Flourish Bakehouse,,,,02:12:63:39:4f:28,15%,-92.5,802.11ax,36,6 12 24,9 18 36 48 54
SR2-3a,FB Staff-5G,,,,06:12:63:39:4f:28,13%,-93.5,802.11ax,36,6 12 24,9 18 36 48 54
SR2-3a,FB Staff-5G,,,,fc:12:63:39:4f:28,13%,-93.5,802.11ax,36,6 12 24,9 18 36 48 54
Walkway,WLAN-SMU,Infrastructure,WPA2-Enterprise,CCMP,b0:b8:67:63:50:b2,100%,-50,802.11ac,153,12 24,36 48 54
Walkway,WLAN-SMU,Infrastructure,WPA2-Enterprise,CCMP,b4:5d:50:fe:48:41,90%,-55,802.11n,6,12 24,36 48 54
Walkway,WLAN-SMU,Infrastructure,WPA2-Enterprise,CCMP,b0:b8:67:63:7f:22,100%,-50,802.11n,6,12 24,36 48 54
Walkway,WLAN-SMU,Infrastructure,WPA2-Enterprise,CCMP,b4:5d:50:fe:48:51,45%,-77.5,802.11ac,136,12 24,36 48 54
Walkway,WLAN-SMU,Infrastructure,WPA2-Enterprise,CCMP,b0:b8:67:63:4a:32,15%,-92.5,802.11ac,124,12 24,36 48 54
Walkway,WLAN-SMU,Infrastructure,WPA2-Enterprise,CCMP,94:b4:0f:92:83:f0,12%,-94,802.11ac,124,12 24,36 48 54
Walkway,WLAN-SMU,Infrastructure,WPA2-Enterprise,CCMP,b4:5d:50:fe:41:91,35%,-82.5,802.11ac,100,12 24,36 48 54
Walkway,WLAN-SMU,Infrastructure,WPA2-Enterprise,CCMP,b4:5d:50:fd:bd:51,45%,-77.5,802.11ac,64,12 24,36 48 54
Walkway,WLAN-SMU,Infrastructure,WPA2-Enterprise,CCMP,18:64:72:5e:f2:10,14%,-93,802.11ac,56,12 24,36 48 54
Walkway,WLAN-SMU,Infrastructure,WPA2-Enterprise,CCMP,b4:5d:50:fe:41:d1,20%,-90,802.11ac,52,12 24,36 48 54
Walkway,WLAN-SMU,Infrastructure,WPA2-Enterprise,CCMP,f0:5c:19:ba:bc:d0,15%,-92.5,802.11ac,161,12 24,36 48 54
Walkway,WLAN-SMU,Infrastructure,WPA2-Enterprise,CCMP,b4:5d:50:fe:44:b1,20%,-90,802.11ac,44,12 24,36 48 54
Walkway,eduroam,,,,f0:5c:19:ba:be:f0,20%,-90,802.11ac,40,12 24,36 48 54
Walkway,eduroam,,,,b0:b8:67:63:50:b1,95%,-52.5,802.11ac,153,12 24,36 48 54
Walkway,eduroam,,,,b4:5d:50:fe:48:42,85%,-57.5,802.11n,6,12 24,36 48 54
Walkway,eduroam,,,,b0:b8:67:63:7f:21,100%,-50,802.11n,6,12 24,36 48 54
Walkway,eduroam,,,,b4:5d:50:fe:48:52,45%,-77.5,802.11ac,136,12 24,36 48 54
Walkway,eduroam,,,,b0:b8:67:63:4a:31,15%,-92.5,802.11ac,124,12 24,36 48 54
Walkway,eduroam,,,,b0:b8:67:63:7f:31,95%,-52.5,802.11ac,108,12 24,36 48 54
Walkway,eduroam,,,,b4:5d:50:fe:41:92,35%,-82.5,802.11ac,100,12 24,36 48 54
Walkway,eduroam,,,,b4:5d:50:fd:bd:52,50%,-75,802.11ac,64,12 24,36 48 54
Walkway,eduroam,,,,18:64:72:5e:f2:12,14%,-93,802.11ac,56,12 24,36 48 54
Walkway,eduroam,,,,b4:5d:50:fe:41:d2,40%,-80,802.11ac,52,12 24,36 48 54
Walkway,eduroam,,,,f0:5c:19:ba:bc:d2,5%,-97.5,802.11ac,161,12 24,36 48 54
Walkway,eduroam,,,,b4:5d:50:fe:44:b2,10%,-95,802.11ac,44,12 24,36 48 54
Walkway,SMU_Visitor,,,,f0:5c:19:ba:be:f2,20%,-90,802.11ac,40,12 24,36 48 54
Walkway,SMU_Visitor,,,,b0:b8:67:63:50:b0,100%,-50,802.11ac,153,12 24,36 48 54
Walkway,SMU_Visitor,,,,b4:5d:50:fe:48:40,65%,-67.5,802.11n,6,12 24,36 48 54
Walkway,SMU_Visitor,,,,b0:b8:67:63:7f:20,100%,-50,802.11n,6,12 24,36 48 54
Walkway,SMU_Visitor,,,,b4:5d:50:fe:48:50,45%,-77.5,802.11ac,136,12 24,36 48 54
Walkway,SMU_Visitor,,,,b0:b8:67:63:4a:30,5%,-97.5,802.11ac,124,12 24,36 48 54
Walkway,SMU_Visitor,,,,b0:b8:67:63:7f:30,95%,-52.5,802.11ac,108,12 24,36 48 54
Walkway,SMU_Visitor,,,,b4:5d:50:fd:bd:50,45%,-77.5,802.11ac,64,12 24,36 48 54
Walkway,SMU_Visitor,,,,18:64:72:5e:f2:11,14%,-93,802.11ac,56,12 24,36 48 54
Walkway,SMU_Visitor,,,,b4:5d:50:fe:41:d0,30%,-85,802.11ac,52,12 24,36 48 54
Walkway,SMU_Visitor,,,,f0:5c:19:ba:bc:d1,25%,-87.5,802.11ac,161,12 24,36 48 54
Walkway,SMU_Visitor,,,,b4:5d:50:fe:44:b0,15%,-92.5,802.11ac,44,12 24,36 48 54
Walkway,mary ann's A15,,,,f0:5c:19:ba:be:f1,20%,-90,802.11ac,40,12 24,36 48 54
Walkway,IROAD_X5_760829,,,,8e:9e:21:36:57:62,100%,-50,802.11ac,6,1 2 5.5 11,6 9 12 18 24 36 48 54
Walkway,Marbella-EX2Mini_8A6855,,,,1c:bf:ce:76:08:29,80%,-60,802.11n,6,1 2 5.5 11,6 9 12 18 24 36 48 54
Walkway,QashierPOS_FlourishBakehouse,,,,2c:05:47:8a:68:55,80%,-60,802.11n,6,1 2 5.5 11,6 9 12 18 24 36 48 54
Walkway,CS168-2160,,,,3c:52:a1:35:f7:58,25%,-87.5,802.11n,4,1 2 5.5 11,6 9 12 18 24 36 48 54
Walkway,DIRECT-MR-Android_728c,,,,60:8a:10:ce:6e:3e,85%,-57.5,802.11g,2,1 2 5.5 11,6 9 12 18 24 36 48 54
Walkway,,,,,ea:9a:ff:ad:77:af,100%,-50,802.11ac,161,6 12 24,9 18 36 48 54
Walkway,Flourish Bakehouse,,,,02:12:63:39:4f:28,15%,-92.5,802.11ax,36,6 12 24,9 18 36 48 54
Walkway,FB Staff-5G,,,,06:12:63:39:4f:28,13%,-93.5,802.11ax,36,6 12 24,9 18 36 48 54
Walkway,FB Staff-5G,,,,fc:12:63:39:4f:28,13%,-93.5,802.11ax,36,6 12 24,9 18 36 48 54
SR2-2b,WLAN-SMU,Infrastructure,WPA2-Enterprise,CCMP,b0:b8:67:63:50:b2,80%,-60,802.11ac,153,12 24,36 48 54
SR2-2b,WLAN-SMU,Infrastructure,WPA2-Enterprise,CCMP,b4:5d:50:fe:48:41,90%,-55,802.11n,6,12 24,36 48 54
SR2-2b,WLAN-SMU,Infrastructure,WPA2-Enterprise,CCMP,b0:b8:67:63:7f:22,100%,-50,802.11n,6,12 24,36 48 54
SR2-2b,WLAN-SMU,Infrastructure,WPA2-Enterprise,CCMP,b4:5d:50:fe:48:51,45%,-77.5,802.11ac,136,12 24,36 48 54
SR2-2b,WLAN-SMU,Infrastructure,WPA2-Enterprise,CCMP,b0:b8:67:63:4a:32,15%,-92.5,802.11ac,124,12 24,36 48 54
SR2-2b,WLAN-SMU,Infrastructure,WPA2-Enterprise,CCMP,94:b4:0f:92:83:f0,12%,-94,802.11ac,124,12 24,36 48 54
SR2-2b,WLAN-SMU,Infrastructure,WPA2-Enterprise,CCMP,b4:5d:50:fe:41:91,35%,-82.5,802.11ac,100,12 24,36 48 54
SR2-2b,WLAN-SMU,Infrastructure,WPA2-Enterprise,CCMP,b4:5d:50:fd:bd:51,45%,-77.5,802.11ac,64,12 24,36 48 54
SR2-2b,WLAN-SMU,Infrastructure,WPA2-Enterprise,CCMP,18:64:72:5e:f2:10,14%,-93,802.11ac,56,12 24,36 48 54
SR2-2b,WLAN-SMU,Infrastructure,WPA2-Enterprise,CCMP,b4:5d:50:fe:41:d1,20%,-90,802.11ac,52,12 24,36 48 54
SR2-2b,WLAN-SMU,Infrastructure,WPA2-Enterprise,CCMP,f0:5c:19:ba:bc:d0,15%,-92.5,802.11ac,161,12 24,36 48 54
SR2-2b,WLAN-SMU,Infrastructure,WPA2-Enterprise,CCMP,b4:5d:50:fe:44:b1,20%,-90,802.11ac,44,12 24,36 48 54
SR2-2b,eduroam,,,,f0:5c:19:ba:be:f0,20%,-90,802.11ac,40,12 24,36 48 54
SR2-2b,eduroam,,,,b0:b8:67:63:50:b1,95%,-52.5,802.11ac,153,12 24,36 48 54
SR2-2b,eduroam,,,,b4:5d:50:fe:48:42,85%,-57.5,802.11n,6,12 24,36 48 54
SR2-2b,eduroam,,,,b0:b8:67:63:7f:21,100%,-50,802.11n,6,12 24,36 48 54
SR2-2b,eduroam,,,,b4:5d:50:fe:48:52,45%,-77.5,802.11ac,136,12 24,36 48 54
SR2-2b,eduroam,,,,b0:b8:67:63:4a:31,15%,-92.5,802.11ac,124,12 24,36 48 54
SR2-2b,eduroam,,,,b0:b8:67:63:7f:31,95%,-52.5,802.11ac,108,12 24,36 48 54
SR2-2b,eduroam,,,,b4:5d:50:fe:41:92,35%,-82.5,802.11ac,100,12 24,36 48 54
SR2-2b,eduroam,,,,b4:5d:50:fd:bd:52,50%,-75,802.11ac,64,12 24,36 48 54
SR2-2b,eduroam,,,,18:64:72:5e:f2:12,14%,-93,802.11ac,56,12 24,36 48 54
SR2-2b,eduroam,,,,b4:5d:50:fe:41:d2,40%,-80,802.11ac,52,12 24,36 48 54
SR2-2b,eduroam,,,,f0:5c:19:ba:bc:d2,5%,-97.5,802.11ac,161,12 24,36 48 54
SR2-2b,eduroam,,,,b4:5d:50:fe:44:b2,10%,-95,802.11ac,44,12 24,36 48 54
SR2-2b,SMU_Visitor,,,,f0:5c:19:ba:be:f2,20%,-90,802.11ac,40,12 24,36 48 54
SR2-2b,SMU_Visitor,,,,b0:b8:67:63:50:b0,100%,-50,802.11ac,153,12 24,36 48 54
SR2-2b,SMU_Visitor,,,,b4:5d:50:fe:48:40,65%,-67.5,802.11n,6,12 24,36 48 54
SR2-2b,SMU_Visitor,,,,b0:b8:67:63:7f:20,100%,-50,802.11n,6,12 24,36 48 54
SR2-2b,SMU_Visitor,,,,b4:5d:50:fe:48:50,45%,-77.5,802.11ac,136,12 24,36 48 54
SR2-2b,SMU_Visitor,,,,b0:b8:67:63:4a:30,5%,-97.5,802.11ac,124,12 24,36 48 54
SR2-2b,SMU_Visitor,,,,b0:b8:67:63:7f:30,95%,-52.5,802.11ac,108,12 24,36 48 54
SR2-2b,SMU_Visitor,,,,b4:5d:50:fd:bd:50,45%,-77.5,802.11ac,64,12 24,36 48 54
SR2-2b,SMU_Visitor,,,,18:64:72:5e:f2:11,14%,-93,802.11ac,56,12 24,36 48 54
SR2-2b,SMU_Visitor,,,,b4:5d:50:fe:41:d0,30%,-85,802.11ac,52,12 24,36 48 54
SR2-2b,SMU_Visitor,,,,f0:5c:19:ba:bc:d1,25%,-87.5,802.11ac,161,12 24,36 48 54
SR2-2b,SMU_Visitor,,,,b4:5d:50:fe:44:b0,15%,-92.5,802.11ac,44,12 24,36 48 54
SR2-2b,mary ann's A15,,,,f0:5c:19:ba:be:f1,20%,-90,802.11ac,40,12 24,36 48 54
SR2-2b,IROAD_X5_760829,,,,8e:9e:21:36:57:62,100%,-50,802.11ac,6,1 2 5.5 11,6 9 12 18 24 36 48 54
SR2-2b,Marbella-EX2Mini_8A6855,,,,1c:bf:ce:76:08:29,80%,-60,802.11n,6,1 2 5.5 11,6 9 12 18 24 36 48 54
SR2-2b,QashierPOS_FlourishBakehouse,,,,2c:05:47:8a:68:55,80%,-60,802.11n,6,1 2 5.5 11,6 9 12 18 24 36 48 54
SR2-2b,CS168-2160,,,,3c:52:a1:35:f7:58,25%,-87.5,802.11n,4,1 2 5.5 11,6 9 12 18 24 36 48 54
SR2-2b,DIRECT-MR-Android_728c,,,,60:8a:10:ce:6e:3e,85%,-57.5,802.11g,2,1 2 5.5 11,6 9 12 18 24 36 48 54
SR2-2b,,,,,ea:9a:ff:ad:77:af,100%,-50,802.11ac,161,6 12 24,9 18 36 48 54
SR2-2b,Flourish Bakehouse,,,,02:12:63:39:4f:28,15%,-92.5,802.11ax,36,6 12 24,9 18 36 48 54
SR2-2b,FB Staff-5G,,,,06:12:63:39:4f:28,13%,-93.5,802.11ax,36,6 12 24,9 18 36 48 54
SR2-2b,FB Staff-5G,,,,fc:12:63:39:4f:28,13%,-93.5,802.11ax,36,6 12 24,9 18 36 48 54
SR2-2a,WLAN-SMU,Infrastructure,WPA2-Enterprise,CCMP,b0:b8:67:63:50:b2,10%,-95,802.11ac,153,12 24,36 48 54
SR2-2a,WLAN-SMU,Infrastructure,WPA2-Enterprise,CCMP,b4:5d:50:fd:b0:91,20%,-90,802.11ac,48,12 24,36 48 54
SR2-2a,WLAN-SMU,Infrastructure,WPA2-Enterprise,CCMP,b4:5d:50:fe:41:81,90%,-55,802.11n,1,12 24,36 48 54
SR2-2a,WLAN-SMU,Infrastructure,WPA2-Enterprise,CCMP,b4:5d:50:fd:b4:c1,95%,-52.5,802.11n,1,12 24,36 48 54
SR2-2a,WLAN-SMU,Infrastructure,WPA2-Enterprise,CCMP,b0:b8:67:63:7f:32,35%,-82.5,802.11ac,108,12 24,36 48 54
SR2-2a,WLAN-SMU,Infrastructure,WPA2-Enterprise,CCMP,b4:5d:50:fe:41:91,20%,-90,802.11ac,100,12 24,36 48 54
SR2-2a,WLAN-SMU,Infrastructure,WPA2-Enterprise,CCMP,b4:5d:50:fd:bd:51,50%,-75,802.11ac,64,12 24,36 48 54
SR2-2a,WLAN-SMU,Infrastructure,WPA2-Enterprise,CCMP,b0:b8:67:63:6b:92,20%,-90,802.11ac,60,12 24,36 48 54
SR2-2a,eduroam,,,,b4:5d:50:fd:b4:d1,15%,-92.5,802.11ac,52,12 24,36 48 54
SR2-2a,eduroam,,,,b4:5d:50:fd:b0:92,15%,-92.5,802.11ac,48,12 24,36 48 54
SR2-2a,eduroam,,,,b0:b8:67:63:7f:31,70%,-65,802.11ac,108,12 24,36 48 54
SR2-2a,eduroam,,,,b4:5d:50:fe:41:92,20%,-90,802.11ac,100,12 24,36 48 54
SR2-2a,eduroam,,,,b4:5d:50:fd:bd:52,55%,-72.5,802.11ac,64,12 24,36 48 54
SR2-2a,eduroam,,,,b0:b8:67:63:6b:91,20%,-90,802.11ac,60,12 24,36 48 54
SR2-2a,eduroam,,,,b4:5d:50:fd:b4:d2,15%,-92.5,802.11ac,52,12 24,36 48 54
SR2-2a,eduroam,,,,b4:5d:50:fe:41:d2,20%,-90,802.11ac,52,12 24,36 48 54
SR2-2a,SMU_Visitor,,,,b0:b8:67:63:50:b1,25%,-87.5,802.11ac,153,12 24,36 48 54
SR2-2a,SMU_Visitor,,,,b4:5d:50:fd:b0:90,15%,-92.5,802.11ac,48,12 24,36 48 54
SR2-2a,SMU_Visitor,,,,b0:b8:67:63:7f:30,70%,-65,802.11ac,108,12 24,36 48 54
SR2-2a,SMU_Visitor,,,,b4:5d:50:fe:41:90,20%,-90,802.11ac,100,12 24,36 48 54
SR2-2a,SMU_Visitor,,,,b4:5d:50:fd:bd:50,40%,-80,802.11ac,64,12 24,36 48 54
SR2-2a,SMU_Visitor,,,,b0:b8:67:63:6b:90,20%,-90,802.11ac,60,12 24,36 48 54
SR2-2a,SMU_Visitor,,,,b4:5d:50:fd:b4:d0,5%,-97.5,802.11ac,52,12 24,36 48 54
SR2-2a,SMU_Visitor,,,,b4:5d:50:fe:41:d0,10%,-95,802.11ac,52,12 24,36 48 54
SR2-2a,SMU_5G_178902,,,,b0:b8:67:63:50:b0,50%,-75,802.11ac,153,12 24,36 48 54
SR2-2a,Lazada One Concierge_5GHz,,,,a0:36:bc:4b:66:44,50%,-75,802.11ax,40,6 24,9 12 18 36 48 54
SR2-2a,TP-Link_FB40,,,,30:23:03:10:5e:16,13%,-93.5,802.11ac,108,6 12 24,9 18 36 48 54
SR2-2a,TP-Link_FB40,,,,34:60:f9:f8:fb:3e,20%,-90,802.11ax,157,6 12 24,9 18 36 48 54
SR2-1b,WLAN-SMU,Infrastructure,WPA2-Enterprise,CCMP,b4:5d:50:fd:b4:c1,100%,-50,802.11n,1,12 24,36 48 54
SR2-1b,WLAN-SMU,Infrastructure,WPA2-Enterprise,CCMP,b4:5d:50:fe:3c:a1,100%,-50,802.11n,1,12 24,36 48 54
SR2-1b,WLAN-SMU,Infrastructure,WPA2-Enterprise,CCMP,b4:5d:50:fe:3f:f1,35%,-82.5,802.11ac,116,12 24,36 48 54
SR2-1b,WLAN-SMU,Infrastructure,WPA2-Enterprise,CCMP,b4:5d:50:fe:41:91,10%,-95,802.11ac,100,12 24,36 48 54
SR2-1b,WLAN-SMU,Infrastructure,WPA2-Enterprise,CCMP,b0:b8:67:63:6b:92,20%,-90,802.11ac,60,12 24,36 48 54
SR2-1b,WLAN-SMU,Infrastructure,WPA2-Enterprise,CCMP,b4:5d:50:fd:b4:d1,25%,-87.5,802.11ac,52,12 24,36 48 54
SR2-1b,WLAN-SMU,Infrastructure,WPA2-Enterprise,CCMP,b4:5d:50:fe:41:d1,15%,-92.5,802.11ac,52,12 24,36 48 54
SR2-1b,WLAN-SMU,Infrastructure,WPA2-Enterprise,CCMP,b0:b8:67:63:50:b2,15%,-92.5,802.11ac,153,12 24,36 48 54
SR2-1b,WLAN-SMU,Infrastructure,WPA2-Enterprise,CCMP,b4:5d:50:fd:b0:91,60%,-70,802.11ac,48,12 24,36 48 54
SR2-1b,WLAN-SMU,Infrastructure,WPA2-Enterprise,CCMP,b0:b8:67:63:7f:32,55%,-72.5,802.11ac,108,12 24,36 48 54
SR2-1b,WLAN-SMU,Infrastructure,WPA2-Enterprise,CCMP,b4:5d:50:fe:41:81,85%,-57.5,802.11n,1,12 24,36 48 54
SR2-1b,SMU_Visitor,,,,b4:5d:50:fd:bd:51,20%,-90,802.11ac,64,12 24,36 48 54
SR2-1b,SMU_Visitor,,,,b4:5d:50:fd:b4:c0,100%,-50,802.11n,1,12 24,36 48 54
SR2-1b,SMU_Visitor,,,,b4:5d:50:fe:3f:f0,40%,-80,802.11ac,116,12 24,36 48 54
SR2-1b,SMU_Visitor,,,,b4:5d:50:fe:41:90,10%,-95,802.11ac,100,12 24,36 48 54
SR2-1b,SMU_Visitor,,,,b0:b8:67:63:6b:90,25%,-87.5,802.11ac,60,12 24,36 48 54
SR2-1b,SMU_Visitor,,,,b4:5d:50:fd:b4:d0,25%,-87.5,802.11ac,52,12 24,36 48 54
SR2-1b,SMU_Visitor,,,,b4:5d:50:fe:41:d0,15%,-92.5,802.11ac,52,12 24,36 48 54
SR2-1b,SMU_Visitor,,,,b4:5d:50:fd:b0:90,50%,-75,802.11ac,48,12 24,36 48 54
SR2-1b,SMU_Visitor,,,,b0:b8:67:63:7f:30,65%,-67.5,802.11ac,108,12 24,36 48 54
SR2-1b,SMU_Visitor,,,,b4:5d:50:fd:bd:50,20%,-90,802.11ac,64,12 24,36 48 54
SR2-1b,eduroam,,,,b0:b8:67:63:50:b0,20%,-90,802.11ac,153,12 24,36 48 54
SR2-1b,eduroam,,,,b4:5d:50:fe:3f:f2,45%,-77.5,802.11ac,116,12 24,36 48 54
SR2-1b,eduroam,,,,b4:5d:50:fd:b4:c2,100%,-50,802.11n,1,12 24,36 48 54
SR2-1b,eduroam,,,,b4:5d:50:fe:41:92,10%,-95,802.11ac,100,12 24,36 48 54
SR2-1b,eduroam,,,,b0:b8:67:63:6b:91,25%,-87.5,802.11ac,60,12 24,36 48 54
SR2-1b,eduroam,,,,b4:5d:50:fd:b4:d2,25%,-87.5,802.11ac,52,12 24,36 48 54
SR2-1b,eduroam,,,,b4:5d:50:fd:b0:92,50%,-75,802.11ac,48,12 24,36 48 54
SR2-1b,eduroam,,,,b0:b8:67:63:7f:31,65%,-67.5,802.11ac,108,12 24,36 48 54
SR2-1b,eduroam,,,,b4:5d:50:fe:41:d2,5%,-97.5,802.11ac,52,12 24,36 48 54
SR2-1b,eduroam,,,,b0:b8:67:63:50:b1,15%,-92.5,802.11ac,153,12 24,36 48 54
SR2-1b,Lazada One Concierge_5GHz,,,,b4:5d:50:fd:bd:52,55%,-72.5,802.11ac,64,12 24,36 48 54
SR2-1b,The Ramen Kitchen,,,,30:23:03:10:5e:16,12%,-94,802.11ac,108,6 12 24,9 18 36 48 54
SR2-1b,,,,,d8:ec:5e:f9:57:87,15%,-92.5,802.11ax,128,6 12 24,9 18 36 48 54
SR2-1b,,,,,a0:36:bc:37:13:58,20%,-90,802.11ax,149,6 24,9 12 18 36 48 54
SR2-1b,#JyuGae_Guest,,,,ee:fa:c4:2a:b0:29,15%,-92.5,802.11ax,40,6 12 24,9 18 36 48 54
SR2-1b,SMU_5G_178902,,,,ea:fa:c4:2a:b0:29,25%,-87.5,802.11ax,40,6 12 24,9 18 36 48 54
SR2-1b,TP-Link_FB40,,,,a0:36:bc:4b:66:44,35%,-82.5,802.11ax,40,6 24,9 12 18 36 48 54
SR2-1b,TP-Link_FB40,,,,34:60:f9:f8:fb:3e,20%,-90,802.11ax,157,6 12 24,9 18 36 48 54
SR2-1a,WLAN-SMU,Infrastructure,WPA2-Enterprise,CCMP,b4:5d:50:fd:b4:c1,75%,-62.5,802.11n,1,12 24,36 48 54
SR2-1a,WLAN-SMU,Infrastructure,WPA2-Enterprise,CCMP,b4:5d:50:fe:3c:a1,100%,-50,802.11n,1,12 24,36 48 54
SR2-1a,WLAN-SMU,Infrastructure,WPA2-Enterprise,CCMP,b4:5d:50:fe:3f:f1,35%,-82.5,802.11ac,116,12 24,36 48 54
SR2-1a,WLAN-SMU,Infrastructure,WPA2-Enterprise,CCMP,b4:5d:50:fe:41:91,10%,-95,802.11ac,100,12 24,36 48 54
SR2-1a,WLAN-SMU,Infrastructure,WPA2-Enterprise,CCMP,b0:b8:67:63:6b:92,20%,-90,802.11ac,60,12 24,36 48 54
SR2-1a,WLAN-SMU,Infrastructure,WPA2-Enterprise,CCMP,b4:5d:50:fd:b4:d1,25%,-87.5,802.11ac,52,12 24,36 48 54
SR2-1a,WLAN-SMU,Infrastructure,WPA2-Enterprise,CCMP,b4:5d:50:fe:41:d1,15%,-92.5,802.11ac,52,12 24,36 48 54
SR2-1a,WLAN-SMU,Infrastructure,WPA2-Enterprise,CCMP,b0:b8:67:63:50:b2,15%,-92.5,802.11ac,153,12 24,36 48 54
SR2-1a,WLAN-SMU,Infrastructure,WPA2-Enterprise,CCMP,b4:5d:50:fd:b0:91,60%,-70,802.11ac,48,12 24,36 48 54
SR2-1a,WLAN-SMU,Infrastructure,WPA2-Enterprise,CCMP,b0:b8:67:63:7f:32,55%,-72.5,802.11ac,108,12 24,36 48 54
SR2-1a,WLAN-SMU,Infrastructure,WPA2-Enterprise,CCMP,b4:5d:50:fe:41:81,85%,-57.5,802.11n,1,12 24,36 48 54
SR2-1a,SMU_Visitor,,,,b4:5d:50:fd:bd:51,20%,-90,802.11ac,64,12 24,36 48 54
SR2-1a,SMU_Visitor,,,,b4:5d:50:fd:b4:c0,100%,-50,802.11n,1,12 24,36 48 54
SR2-1a,SMU_Visitor,,,,b4:5d:50:fe:3f:f0,40%,-80,802.11ac,116,12 24,36 48 54
SR2-1a,SMU_Visitor,,,,b4:5d:50:fe:41:90,10%,-95,802.11ac,100,12 24,36 48 54
SR2-1a,SMU_Visitor,,,,b0:b8:67:63:6b:90,25%,-87.5,802.11ac,60,12 24,36 48 54
SR2-1a,SMU_Visitor,,,,b4:5d:50:fd:b4:d0,25%,-87.5,802.11ac,52,12 24,36 48 54
SR2-1a,SMU_Visitor,,,,b4:5d:50:fe:41:d0,15%,-92.5,802.11ac,52,12 24,36 48 54
SR2-1a,SMU_Visitor,,,,b4:5d:50:fd:b0:90,50%,-75,802.11ac,48,12 24,36 48 54
SR2-1a,SMU_Visitor,,,,b0:b8:67:63:7f:30,65%,-67.5,802.11ac,108,12 24,36 48 54
SR2-1a,SMU_Visitor,,,,b4:5d:50:fd:bd:50,20%,-90,802.11ac,64,12 24,36 48 54
SR2-1a,eduroam,,,,b0:b8:67:63:50:b0,20%,-90,802.11ac,153,12 24,36 48 54
SR2-1a,eduroam,,,,b4:5d:50:fe:3f:f2,45%,-77.5,802.11ac,116,12 24,36 48 54
SR2-1a,eduroam,,,,b4:5d:50:fd:b4:c2,100%,-50,802.11n,1,12 24,36 48 54
SR2-1a,eduroam,,,,b4:5d:50:fe:41:92,10%,-95,802.11ac,100,12 24,36 48 54
SR2-1a,eduroam,,,,b0:b8:67:63:6b:91,25%,-87.5,802.11ac,60,12 24,36 48 54
SR2-1a,eduroam,,,,b4:5d:50:fd:b4:d2,25%,-87.5,802.11ac,52,12 24,36 48 54
SR2-1a,eduroam,,,,b4:5d:50:fd:b0:92,50%,-75,802.11ac,48,12 24,36 48 54
SR2-1a,eduroam,,,,b0:b8:67:63:7f:31,65%,-67.5,802.11ac,108,12 24,36 48 54
SR2-1a,eduroam,,,,b4:5d:50:fe:41:d2,5%,-97.5,802.11ac,52,12 24,36 48 54
SR2-1a,eduroam,,,,b0:b8:67:63:50:b1,15%,-92.5,802.11ac,153,12 24,36 48 54
SR2-1a,Lazada One Concierge_5GHz,,,,b4:5d:50:fd:bd:52,55%,-72.5,802.11ac,64,12 24,36 48 54
SR2-1a,The Ramen Kitchen,,,,30:23:03:10:5e:16,12%,-94,802.11ac,108,6 12 24,9 18 36 48 54
SR2-1a,,,,,d8:ec:5e:f9:57:87,15%,-92.5,802.11ax,128,6 12 24,9 18 36 48 54
SR2-1a,,,,,a0:36:bc:37:13:58,20%,-90,802.11ax,149,6 24,9 12 18 36 48 54
SR2-1a,#JyuGae_Guest,,,,ee:fa:c4:2a:b0:29,15%,-92.5,802.11ax,40,6 12 24,9 18 36 48 54
SR2-1a,SMU_5G_178902,,,,ea:fa:c4:2a:b0:29,25%,-87.5,802.11ax,40,6 12 24,9 18 36 48 54
SR2-1a,TP-Link_FB40,,,,a0:36:bc:4b:66:44,35%,-82.5,802.11ax,40,6 24,9 12 18 36 48 54
SR2-1a,TP-Link_FB40,,,,34:60:f9:f8:fb:3e,20%,-90,802.11ax,157,6 12 24,9 18 36 48 54
Stairs2,WLAN-SMU,Infrastructure,WPA2-Enterprise,CCMP,b0:b8:67:63:6b:82,100%,-50,802.11n,6,12 24,36 48 54
Stairs2,WLAN-SMU,Infrastructure,WPA2-Enterprise,CCMP,b0:b8:67:63:4f:62,20%,-90,802.11n,6,12 24,36 48 54
Stairs2,WLAN-SMU,Infrastructure,WPA2-Enterprise,CCMP,b0:b8:67:63:66:22,60%,-70,802.11n,1,12 24,36 48 54
Stairs2,WLAN-SMU,Infrastructure,WPA2-Enterprise,CCMP,b0:b8:67:63:35:42,15%,-92.5,802.11n,1,12 24,36 48 54
Stairs2,WLAN-SMU,Infrastructure,WPA2-Enterprise,CCMP,18:64:72:4c:9a:60,65%,-67.5,802.11n,1,12 24,36 48 54
Stairs2,WLAN-SMU,Infrastructure,WPA2-Enterprise,CCMP,b0:b8:67:63:4f:72,40%,-80,802.11ac,116,12 24,36 48 54
Stairs2,WLAN-SMU,Infrastructure,WPA2-Enterprise,CCMP,b0:b8:67:63:7f:32,55%,-72.5,802.11ac,108,12 24,36 48 54
Stairs2,WLAN-SMU,Infrastructure,WPA2-Enterprise,CCMP,b4:5d:50:fe:41:91,25%,-87.5,802.11ac,100,12 24,36 48 54
Stairs2,WLAN-SMU,Infrastructure,WPA2-Enterprise,CCMP,b0:b8:67:63:6b:92,35%,-82.5,802.11ac,60,12 24,36 48 54
Stairs2,WLAN-SMU,Infrastructure,WPA2-Enterprise,CCMP,b0:b8:67:63:50:b2,20%,-90,802.11ac,153,12 24,36 48 54
Stairs2,WLAN-SMU,Infrastructure,WPA2-Enterprise,CCMP,b4:5d:50:fd:b0:91,60%,-70,802.11ac,48,12 24,36 48 54
Stairs2,WLAN-SMU,Infrastructure,WPA2-Enterprise,CCMP,b0:b8:67:63:66:32,10%,-95,802.11ac,48,12 24,36 48 54
Stairs2,WLAN-SMU,Infrastructure,WPA2-Enterprise,CCMP,18:64:72:4c:9a:70,60%,-70,802.11ac,36,12 24,36 48 54
Stairs2,WLAN-SMU,Infrastructure,WPA2-Enterprise,CCMP,b4:5d:50:fe:3c:a1,100%,-50,802.11n,1,12 24,36 48 54
Stairs2,WLAN-SMU,Infrastructure,WPA2-Enterprise,CCMP,b4:5d:50:fe:3f:f1,35%,-82.5,802.11ac,116,12 24,36 48 54
Stairs2,WLAN-SMU,Infrastructure,WPA2-Enterprise,CCMP,b4:5d:50:fd:b4:d1,25%,-87.5,802.11ac,52,12 24,36 48 54
Stairs2,WLAN-SMU,Infrastructure,WPA2-Enterprise,CCMP,b4:5d:50:fe:41:d1,15%,-92.5,802.11ac,52,12 24,36 48 54
Stairs2,WLAN-SMU,Infrastructure,WPA2-Enterprise,CCMP,b4:5d:50:fe:41:81,85%,-57.5,802.11n,1,12 24,36 48 54
Stairs2,eduroam,,,,b4:5d:50:fd:bd:51,20%,-90,802.11ac,64,12 24,36 48 54
Stairs2,eduroam,,,,b0:b8:67:63:6b:81,85%,-57.5,802.11n,6,12 24,36 48 54
Stairs2,eduroam,,,,18:64:72:4c:9a:62,90%,-55,802.11n,1,12 24,36 48 54
Stairs2,eduroam,,,,b4:5d:50:fd:b4:c2,70%,-65,802.11n,1,12 24,36 48 54
Stairs2,eduroam,,,,b0:b8:67:62:a0:31,14%,-93,802.11ac,112,12 24,36 48 54
Stairs2,eduroam,,,,b0:b8:67:63:7f:31,55%,-72.5,802.11ac,108,12 24,36 48 54
Stairs2,eduroam,,,,b4:5d:50:fe:41:92,25%,-87.5,802.11ac,100,12 24,36 48 54
Stairs2,eduroam,,,,b0:b8:67:63:6b:91,40%,-80,802.11ac,60,12 24,36 48 54
Stairs2,eduroam,,,,b0:b8:67:63:50:b1,15%,-92.5,802.11ac,153,12 24,36 48 54
Stairs2,eduroam,,,,b4:5d:50:fd:b0:92,65%,-67.5,802.11ac,48,12 24,36 48 54
Stairs2,eduroam,,,,b0:b8:67:63:66:31,15%,-92.5,802.11ac,48,12 24,36 48 54
Stairs2,eduroam,,,,18:64:72:4c:9a:72,60%,-70,802.11ac,36,12 24,36 48 54
Stairs2,eduroam,,,,b4:5d:50:fe:3f:f2,45%,-77.5,802.11ac,116,12 24,36 48 54
Stairs2,eduroam,,,,b4:5d:50:fd:b4:d2,25%,-87.5,802.11ac,52,12 24,36 48 54
Stairs2,eduroam,,,,b4:5d:50:fe:41:d2,5%,-97.5,802.11ac,52,12 24,36 48 54
Stairs2,SMU_Visitor,,,,b4:5d:50:fd:bd:52,55%,-72.5,802.11ac,64,12 24,36 48 54
Stairs2,SMU_Visitor,,,,b0:b8:67:63:6b:80,90%,-55,802.11n,6,12 24,36 48 54
Stairs2,SMU_Visitor,,,,18:64:72:4c:9a:61,90%,-55,802.11n,1,12 24,36 48 54
Stairs2,SMU_Visitor,,,,b4:5d:50:fd:b4:c0,90%,-55,802.11n,1,12 24,36 48 54
Stairs2,SMU_Visitor,,,,b0:b8:67:63:4f:70,40%,-80,802.11ac,116,12 24,36 48 54
Stairs2,SMU_Visitor,,,,b0:b8:67:63:7f:30,55%,-72.5,802.11ac,108,12 24,36 48 54
Stairs2,SMU_Visitor,,,,b4:5d:50:fe:41:90,25%,-87.5,802.11ac,100,12 24,36 48 54
Stairs2,SMU_Visitor,,,,b0:b8:67:63:6b:90,35%,-82.5,802.11ac,60,12 24,36 48 54
Stairs2,SMU_Visitor,,,,b0:b8:67:63:50:b0,10%,-95,802.11ac,153,12 24,36 48 54
Stairs2,SMU_Visitor,,,,b4:5d:50:fd:b0:90,60%,-70,802.11ac,48,12 24,36 48 54
Stairs2,SMU_Visitor,,,,b0:b8:67:63:66:30,10%,-95,802.11ac,48,12 24,36 48 54
Stairs2,SMU_Visitor,,,,18:64:72:4c:9a:71,60%,-70,802.11ac,36,12 24,36 48 54
Stairs2,SMU_Visitor,,,,b4:5d:50:fe:3f:f0,40%,-80,802.11ac,116,12 24,36 48 54
Stairs2,SMU_Visitor,,,,b4:5d:50:fd:b4:d0,25%,-87.5,802.11ac,52,12 24,36 48 54
Stairs2,SMU_Visitor,,,,b4:5d:50:fe:41:d0,15%,-92.5,802.11ac,52,12 24,36 48 54
Stairs2,TP-Link_9AD2,,,,b4:5d:50:fd:bd:50,20%,-90,802.11ac,64,12 24,36 48 54
Stairs2,CS168-2096,,,,78:8c:b5:f5:9a:d2,60%,-70,802.11n,1,1 2 5.5 11,6 9 12 18 24 36 48 54
Stairs2,T2-a09f1050beae,,,,60:8a:10:ce:6e:42,25%,-87.5,802.11g,2,1 2 5.5 11,6 9 12 18 24 36 48 54
Stairs2,Lazada One Concierge_5GHz,,,,a0:9f:10:50:be:ae,60%,-70,802.11n,1,1 2 5.5 11,6 9 12 18 24 36 48 54
Stairs2,The Ramen Kitchen,,,,30:23:03:10:5e:16,12%,-94,802.11ac,108,6 12 24,9 18 36 48 54
Stairs2,,,,,d8:ec:5e:f9:57:87,15%,-92.5,802.11ax,128,6 12 24,9 18 36 48 54
Stairs2,,,,,a0:36:bc:37:13:58,20%,-90,802.11ax,149,6 24,9 12 18 36 48 54
Stairs2,#JyuGae_Guest,,,,ee:fa:c4:2a:b0:29,15%,-92.5,802.11ax,40,6 12 24,9 18 36 48 54
Stairs2,SMU_5G_178902,,,,ea:fa:c4:2a:b0:29,25%,-87.5,802.11ax,40,6 12 24,9 18 36 48 54
Stairs2,TP-Link_FB40,,,,a0:36:bc:4b:66:44,35%,-82.5,802.11ax,40,6 24,9 12 18 36 48 54
Stairs2,TP-Link_FB40,,,,34:60:f9:f8:fb:3e,20%,-90,802.11ax,157,6 12 24,9 18 36 48 54
GSR2-4,WLAN-SMU,Infrastructure,WPA2-Enterprise,CCMP,b0:b8:67:63:6b:82,100%,-50,802.11n,6,12 24,36 48 54
GSR2-4,WLAN-SMU,Infrastructure,WPA2-Enterprise,CCMP,b0:b8:67:63:50:a2,50%,-75,802.11n,11,12 24,36 48 54
GSR2-4,WLAN-SMU,Infrastructure,WPA2-Enterprise,CCMP,b0:b8:67:62:a0:22,35%,-82.5,802.11n,6,12 24,36 48 54
GSR2-4,WLAN-SMU,Infrastructure,WPA2-Enterprise,CCMP,b0:b8:67:63:30:82,60%,-70,802.11n,1,12 24,36 48 54
GSR2-4,WLAN-SMU,Infrastructure,WPA2-Enterprise,CCMP,18:64:72:4c:9a:60,25%,-87.5,802.11n,1,12 24,36 48 54
GSR2-4,WLAN-SMU,Infrastructure,WPA2-Enterprise,CCMP,b0:b8:67:63:4a:32,15%,-92.5,802.11ac,124,12 24,36 48 54
GSR2-4,WLAN-SMU,Infrastructure,WPA2-Enterprise,CCMP,b0:b8:67:63:4f:72,45%,-77.5,802.11ac,116,12 24,36 48 54
GSR2-4,WLAN-SMU,Infrastructure,WPA2-Enterprise,CCMP,b0:b8:67:62:a0:32,14%,-93,802.11ac,112,12 24,36 48 54
GSR2-4,WLAN-SMU,Infrastructure,WPA2-Enterprise,CCMP,b0:b8:67:63:6b:92,50%,-75,802.11ac,60,12 24,36 48 54
GSR2-4,WLAN-SMU,Infrastructure,WPA2-Enterprise,CCMP,b0:b8:67:63:57:52,5%,-97.5,802.11ac,56,12 24,36 48 54
GSR2-4,WLAN-SMU,Infrastructure,WPA2-Enterprise,CCMP,b4:5d:50:fd:b4:d1,40%,-80,802.11ac,52,12 24,36 48 54
GSR2-4,WLAN-SMU,Infrastructure,WPA2-Enterprise,CCMP,b0:b8:67:63:50:b2,45%,-77.5,802.11ac,153,12 24,36 48 54
GSR2-4,WLAN-SMU,Infrastructure,WPA2-Enterprise,CCMP,b0:b8:67:63:30:92,50%,-75,802.11ac,149,12 24,36 48 54
GSR2-4,SMU_Visitor,,,,18:64:72:4c:9a:70,60%,-70,802.11ac,36,12 24,36 48 54
GSR2-4,SMU_Visitor,,,,b4:5d:50:fd:b0:80,55%,-72.5,802.11n,11,12 24,36 48 54
GSR2-4,SMU_Visitor,,,,b0:b8:67:63:50:a0,40%,-80,802.11n,11,12 24,36 48 54
GSR2-4,SMU_Visitor,,,,b4:5d:50:fe:41:c0,75%,-62.5,802.11n,6,12 24,36 48 54
GSR2-4,SMU_Visitor,,,,b0:b8:67:62:a0:20,35%,-82.5,802.11n,6,12 24,36 48 54
GSR2-4,SMU_Visitor,,,,b0:b8:67:63:6b:80,100%,-50,802.11n,6,12 24,36 48 54
GSR2-4,SMU_Visitor,,,,b0:b8:67:63:30:80,60%,-70,802.11n,1,12 24,36 48 54
GSR2-4,SMU_Visitor,,,,18:64:72:4c:9a:61,80%,-60,802.11n,1,12 24,36 48 54
GSR2-4,SMU_Visitor,,,,b0:b8:67:63:4a:30,15%,-92.5,802.11ac,124,12 24,36 48 54
GSR2-4,SMU_Visitor,,,,b0:b8:67:63:4f:70,45%,-77.5,802.11ac,116,12 24,36 48 54
GSR2-4,SMU_Visitor,,,,b0:b8:67:62:a0:30,14%,-93,802.11ac,112,12 24,36 48 54
GSR2-4,SMU_Visitor,,,,b0:b8:67:63:6b:90,60%,-70,802.11ac,60,12 24,36 48 54
GSR2-4,SMU_Visitor,,,,b0:b8:67:63:57:50,5%,-97.5,802.11ac,56,12 24,36 48 54
GSR2-4,SMU_Visitor,,,,b4:5d:50:fd:b4:d0,40%,-80,802.11ac,52,12 24,36 48 54
GSR2-4,SMU_Visitor,,,,b0:b8:67:63:50:b0,35%,-82.5,802.11ac,153,12 24,36 48 54
GSR2-4,SMU_Visitor,,,,b0:b8:67:63:30:90,30%,-85,802.11ac,149,12 24,36 48 54
GSR2-4,eduroam,,,,18:64:72:4c:9a:71,60%,-70,802.11ac,36,12 24,36 48 54
GSR2-4,eduroam,,,,b0:b8:67:63:57:41,75%,-62.5,802.11n,11,12 24,36 48 54
GSR2-4,eduroam,,,,b0:b8:67:63:50:a1,60%,-70,802.11n,11,12 24,36 48 54
GSR2-4,eduroam,,,,b0:b8:67:63:6b:81,100%,-50,802.11n,6,12 24,36 48 54
GSR2-4,eduroam,,,,b0:b8:67:62:a0:21,40%,-80,802.11n,6,12 24,36 48 54
GSR2-4,eduroam,,,,b0:b8:67:63:30:81,70%,-65,802.11n,1,12 24,36 48 54
GSR2-4,eduroam,,,,18:64:72:4c:9a:62,80%,-60,802.11n,1,12 24,36 48 54
GSR2-4,eduroam,,,,b0:b8:67:63:4a:31,10%,-95,802.11ac,124,12 24,36 48 54
GSR2-4,eduroam,,,,b0:b8:67:63:4f:71,30%,-85,802.11ac,116,12 24,36 48 54
GSR2-4,eduroam,,,,b0:b8:67:62:a0:31,15%,-92.5,802.11ac,112,12 24,36 48 54
GSR2-4,eduroam,,,,b0:b8:67:63:6b:91,65%,-67.5,802.11ac,60,12 24,36 48 54
GSR2-4,eduroam,,,,b0:b8:67:63:57:51,5%,-97.5,802.11ac,56,12 24,36 48 54
GSR2-4,eduroam,,,,b0:b8:67:63:50:b1,35%,-82.5,802.11ac,153,12 24,36 48 54
GSR2-4,eduroam,,,,b0:b8:67:63:30:91,25%,-87.5,802.11ac,149,12 24,36 48 54
GSR2-4,eduroam,,,,b0:b8:67:63:66:31,25%,-87.5,802.11ac,48,12 24,36 48 54
GSR2-4,Swissotel_24,,,,18:64:72:4c:9a:72,60%,-70,802.11ac,36,12 24,36 48 54
GSR2-4,ALEX_5G,,,,60:d0:2c:2e:2f:48,14%,-93,802.11n,11,1 2 5.5 11,6 9 12 18 24 36 48 54
GSR2-4,ALEX_5G,,,,42:f0:74:b5:80:dd,80%,-60,802.11n,9,1 2 5.5 11,6 9 12 18 24 36 48 54
GSR2-3/2,WLAN-SMU,Infrastructure,WPA2-Enterprise,CCMP,b0:b8:67:63:6b:92,100%,-50,802.11ac,60,12 24,36 48 54
GSR2-3/2,WLAN-SMU,Infrastructure,WPA2-Enterprise,CCMP,b4:5d:50:fd:b4:d1,35%,-82.5,802.11ac,52,12 24,36 48 54
GSR2-3/2,WLAN-SMU,Infrastructure,WPA2-Enterprise,CCMP,b0:b8:67:63:50:b2,25%,-87.5,802.11ac,153,12 24,36 48 54
GSR2-3/2,WLAN-SMU,Infrastructure,WPA2-Enterprise,CCMP,b0:b8:67:63:30:92,35%,-82.5,802.11ac,149,12 24,36 48 54
GSR2-3/2,WLAN-SMU,Infrastructure,WPA2-Enterprise,CCMP,b0:b8:67:63:50:a2,50%,-75,802.11n,11,12 24,36 48 54
GSR2-3/2,WLAN-SMU,Infrastructure,WPA2-Enterprise,CCMP,b0:b8:67:62:a0:22,35%,-82.5,802.11n,6,12 24,36 48 54
GSR2-3/2,WLAN-SMU,Infrastructure,WPA2-Enterprise,CCMP,b0:b8:67:63:30:82,60%,-70,802.11n,1,12 24,36 48 54
GSR2-3/2,WLAN-SMU,Infrastructure,WPA2-Enterprise,CCMP,18:64:72:4c:9a:60,25%,-87.5,802.11n,1,12 24,36 48 54
GSR2-3/2,WLAN-SMU,Infrastructure,WPA2-Enterprise,CCMP,b0:b8:67:63:4a:32,15%,-92.5,802.11ac,124,12 24,36 48 54
GSR2-3/2,WLAN-SMU,Infrastructure,WPA2-Enterprise,CCMP,b0:b8:67:63:4f:72,45%,-77.5,802.11ac,116,12 24,36 48 54
GSR2-3/2,WLAN-SMU,Infrastructure,WPA2-Enterprise,CCMP,b0:b8:67:62:a0:32,14%,-93,802.11ac,112,12 24,36 48 54
GSR2-3/2,eduroam,,,,b0:b8:67:63:57:52,5%,-97.5,802.11ac,56,12 24,36 48 54
GSR2-3/2,eduroam,,,,b0:b8:67:63:6b:91,85%,-57.5,802.11ac,60,12 24,36 48 54
GSR2-3/2,eduroam,,,,b4:5d:50:fd:b4:d2,30%,-85,802.11ac,52,12 24,36 48 54
GSR2-3/2,eduroam,,,,b0:b8:67:63:50:b1,25%,-87.5,802.11ac,153,12 24,36 48 54
GSR2-3/2,eduroam,,,,b0:b8:67:63:30:91,30%,-85,802.11ac,149,12 24,36 48 54
GSR2-3/2,eduroam,,,,18:64:72:4c:9a:72,55%,-72.5,802.11ac,36,12 24,36 48 54
GSR2-3/2,eduroam,,,,b0:b8:67:63:57:41,75%,-62.5,802.11n,11,12 24,36 48 54
GSR2-3/2,eduroam,,,,b0:b8:67:63:50:a1,60%,-70,802.11n,11,12 24,36 48 54
GSR2-3/2,eduroam,,,,b0:b8:67:63:6b:81,100%,-50,802.11n,6,12 24,36 48 54
GSR2-3/2,eduroam,,,,b0:b8:67:62:a0:21,40%,-80,802.11n,6,12 24,36 48 54
GSR2-3/2,eduroam,,,,b0:b8:67:63:30:81,70%,-65,802.11n,1,12 24,36 48 54
GSR2-3/2,eduroam,,,,18:64:72:4c:9a:62,80%,-60,802.11n,1,12 24,36 48 54
GSR2-3/2,eduroam,,,,b0:b8:67:63:4a:31,10%,-95,802.11ac,124,12 24,36 48 54
GSR2-3/2,eduroam,,,,b0:b8:67:63:4f:71,30%,-85,802.11ac,116,12 24,36 48 54
GSR2-3/2,eduroam,,,,b0:b8:67:62:a0:31,15%,-92.5,802.11ac,112,12 24,36 48 54
GSR2-3/2,eduroam,,,,b0:b8:67:63:57:51,5%,-97.5,802.11ac,56,12 24,36 48 54
GSR2-3/2,SMU_Visitor,,,,b0:b8:67:63:66:31,25%,-87.5,802.11ac,48,12 24,36 48 54
GSR2-3/2,SMU_Visitor,,,,b0:b8:67:63:6b:90,80%,-60,802.11ac,60,12 24,36 48 54
GSR2-3/2,SMU_Visitor,,,,b0:b8:67:63:50:b0,25%,-87.5,802.11ac,153,12 24,36 48 54
GSR2-3/2,SMU_Visitor,,,,b0:b8:67:63:30:90,30%,-85,802.11ac,149,12 24,36 48 54
GSR2-3/2,SMU_Visitor,,,,18:64:72:4c:9a:71,55%,-72.5,802.11ac,36,12 24,36 48 54
GSR2-3/2,SMU_Visitor,,,,b4:5d:50:fd:b0:80,55%,-72.5,802.11n,11,12 24,36 48 54
GSR2-3/2,SMU_Visitor,,,,b0:b8:67:63:50:a0,40%,-80,802.11n,11,12 24,36 48 54
GSR2-3/2,SMU_Visitor,,,,b4:5d:50:fe:41:c0,75%,-62.5,802.11n,6,12 24,36 48 54
GSR2-3/2,SMU_Visitor,,,,b0:b8:67:62:a0:20,35%,-82.5,802.11n,6,12 24,36 48 54
GSR2-3/2,SMU_Visitor,,,,b0:b8:67:63:6b:80,100%,-50,802.11n,6,12 24,36 48 54
GSR2-3/2,SMU_Visitor,,,,b0:b8:67:63:30:80,60%,-70,802.11n,1,12 24,36 48 54
GSR2-3/2,SMU_Visitor,,,,18:64:72:4c:9a:61,80%,-60,802.11n,1,12 24,36 48 54
GSR2-3/2,SMU_Visitor,,,,b0:b8:67:63:4a:30,15%,-92.5,802.11ac,124,12 24,36 48 54
GSR2-3/2,SMU_Visitor,,,,b0:b8:67:63:4f:70,45%,-77.5,802.11ac,116,12 24,36 48 54
GSR2-3/2,SMU_Visitor,,,,b0:b8:67:62:a0:30,14%,-93,802.11ac,112,12 24,36 48 54
GSR2-3/2,SMU_Visitor,,,,b0:b8:67:63:57:50,5%,-97.5,802.11ac,56,12 24,36 48 54
GSR2-3/2,,,,,b4:5d:50:fd:b4:d0,40%,-80,802.11ac,52,12 24,36 48 54
GSR2-3/2,AVH-Z9250BT:88:2A:87,,,,88:dc:96:80:71:14,50%,-75,802.11ac,161,6 12 24,9 18 36 48 54
GSR2-3/2,AirTies4920_4PVD,,,,d4:53:83:fa:e1:3c,50%,-75,802.11n,149,6 12 24,9 18 36 48 54
GSR2-3/2,KhoonExpress_5G,,,,f4:17:b8:7e:66:f7,50%,-75,802.11ac,40,6 12 24,9 18 36 48 54
GSR2-3/2,BayView Hotel BH 1,,,,50:eb:f6:a5:fb:34,12%,-94,802.11ax,40,6 24,9 12 18 36 48 54
GSR2-3/2,Swissotel_24,,,,02:0d:3c:21:99:0d,15%,-92.5,802.11a,153,6 12 24,9 18 36 48 54
GSR2-3/2,ALEX_5G,,,,60:d0:2c:2e:2f:48,14%,-93,802.11n,11,1 2 5.5 11,6 9 12 18 24 36 48 54
GSR2-3/2,ALEX_5G,,,,42:f0:74:b5:80:dd,80%,-60,802.11n,9,1 2 5.5 11,6 9 12 18 24 36 48 54
GSR2-1,WLAN-SMU,Infrastructure,WPA2-Enterprise,CCMP,b0:b8:67:63:6b:92,95%,-52.5,802.11ac,60,12 24,36 48 54
GSR2-1,WLAN-SMU,Infrastructure,WPA2-Enterprise,CCMP,b4:5d:50:fd:b4:d1,35%,-82.5,802.11ac,52,12 24,36 48 54
GSR2-1,WLAN-SMU,Infrastructure,WPA2-Enterprise,CCMP,b0:b8:67:63:50:b2,25%,-87.5,802.11ac,153,12 24,36 48 54
GSR2-1,eduroam,,,,b0:b8:67:63:30:92,35%,-82.5,802.11ac,149,12 24,36 48 54
GSR2-1,eduroam,,,,b0:b8:67:63:6b:91,85%,-57.5,802.11ac,60,12 24,36 48 54
GSR2-1,eduroam,,,,b4:5d:50:fd:b4:d2,30%,-85,802.11ac,52,12 24,36 48 54
GSR2-1,eduroam,,,,b0:b8:67:63:50:b1,25%,-87.5,802.11ac,153,12 24,36 48 54
GSR2-1,eduroam,,,,b0:b8:67:63:30:91,30%,-85,802.11ac,149,12 24,36 48 54
GSR2-1,SMU_Visitor,,,,18:64:72:4c:9a:72,55%,-72.5,802.11ac,36,12 24,36 48 54
GSR2-1,SMU_Visitor,,,,b0:b8:67:63:6b:90,80%,-60,802.11ac,60,12 24,36 48 54
GSR2-1,SMU_Visitor,,,,b0:b8:67:63:50:b0,25%,-87.5,802.11ac,153,12 24,36 48 54
GSR2-1,SMU_Visitor,,,,b0:b8:67:63:30:90,30%,-85,802.11ac,149,12 24,36 48 54
GSR2-1,,,,,18:64:72:4c:9a:71,55%,-72.5,802.11ac,36,12 24,36 48 54
GSR2-1,AVH-Z9250BT:88:2A:87,,,,88:dc:96:80:71:14,50%,-75,802.11ac,161,6 12 24,9 18 36 48 54
GSR2-1,AirTies4920_4PVD,,,,d4:53:83:fa:e1:3c,50%,-75,802.11n,149,6 12 24,9 18 36 48 54
GSR2-1,KhoonExpress_5G,,,,f4:17:b8:7e:66:f7,50%,-75,802.11ac,40,6 12 24,9 18 36 48 54
GSR2-1,BayView Hotel BH 1,,,,50:eb:f6:a5:fb:34,12%,-94,802.11ax,40,6 24,9 12 18 36 48 54
GSR2-1,BayView Hotel BH 1,,,,02:0d:3c:21:99:0d,15%,-92.5,802.11a,153,6 12 24,9 18 36 48 54
PrintingRoom,WLAN-SMU,Infrastructure,WPA2-Enterprise,CCMP,b0:b8:67:63:6b:92,100%,-50,802.11ac,60,12 24,36 48 54
PrintingRoom,WLAN-SMU,Infrastructure,WPA2-Enterprise,CCMP,b4:5d:50:fd:b4:d1,35%,-82.5,802.11ac,52,12 24,36 48 54
PrintingRoom,WLAN-SMU,Infrastructure,WPA2-Enterprise,CCMP,b0:b8:67:63:50:b2,25%,-87.5,802.11ac,153,12 24,36 48 54
PrintingRoom,eduroam,,,,b0:b8:67:63:30:92,35%,-82.5,802.11ac,149,12 24,36 48 54
PrintingRoom,eduroam,,,,b0:b8:67:63:6b:91,85%,-57.5,802.11ac,60,12 24,36 48 54
PrintingRoom,eduroam,,,,b4:5d:50:fd:b4:d2,30%,-85,802.11ac,52,12 24,36 48 54
PrintingRoom,eduroam,,,,b0:b8:67:63:50:b1,25%,-87.5,802.11ac,153,12 24,36 48 54
PrintingRoom,eduroam,,,,b0:b8:67:63:30:91,30%,-85,802.11ac,149,12 24,36 48 54
PrintingRoom,SMU_Visitor,,,,18:64:72:4c:9a:72,55%,-72.5,802.11ac,36,12 24,36 48 54
PrintingRoom,SMU_Visitor,,,,b0:b8:67:63:6b:90,80%,-60,802.11ac,60,12 24,36 48 54
PrintingRoom,SMU_Visitor,,,,b0:b8:67:63:50:b0,25%,-87.5,802.11ac,153,12 24,36 48 54
PrintingRoom,SMU_Visitor,,,,b0:b8:67:63:30:90,30%,-85,802.11ac,149,12 24,36 48 54
PrintingRoom,,,,,18:64:72:4c:9a:71,55%,-72.5,802.11ac,36,12 24,36 48 54
PrintingRoom,AVH-Z9250BT:88:2A:87,,,,88:dc:96:80:71:14,50%,-75,802.11ac,161,6 12 24,9 18 36 48 54
PrintingRoom,AirTies4920_4PVD,,,,d4:53:83:fa:e1:3c,50%,-75,802.11n,149,6 12 24,9 18 36 48 54
PrintingRoom,KhoonExpress_5G,,,,f4:17:b8:7e:66:f7,50%,-75,802.11ac,40,6 12 24,9 18 36 48 54
PrintingRoom,BayView Hotel BH 1,,,,50:eb:f6:a5:fb:34,12%,-94,802.11ax,40,6 24,9 12 18 36 48 54
PrintingRoom,BayView Hotel BH 1,,,,02:0d:3c:21:99:0d,15%,-92.5,802.11a,153,6 12 24,9 18 36 48 54
LW2.1a,WLAN-SMU,Infrastructure,WPA2-Enterprise,CCMP,b0:b8:67:63:6b:92,100%,-50,802.11ac,60,12 24,36 48 54
Stairs1,WLAN-SMU,Infrastructure,WPA2-Enterprise,CCMP,b0:b8:67:63:6b:92,95%,-52.5,802.11ac,60,12 24,36 48 54
FToilet,WLAN-SMU,Infrastructure,WPA2-Enterprise,CCMP,b0:b8:67:63:6b:92,100%,-50,802.11ac,60,12 24,36 48 54
FToilet,WLAN-SMU,Infrastructure,WPA2-Enterprise,CCMP,b0:b8:67:63:50:a2,65%,-67.5,802.11n,11,12 24,36 48 54
FToilet,WLAN-SMU,Infrastructure,WPA2-Enterprise,CCMP,b0:b8:67:63:6b:82,100%,-50,802.11n,6,12 24,36 48 54
FToilet,WLAN-SMU,Infrastructure,WPA2-Enterprise,CCMP,b0:b8:67:62:a0:22,75%,-62.5,802.11n,6,12 24,36 48 54
FToilet,WLAN-SMU,Infrastructure,WPA2-Enterprise,CCMP,b4:5d:50:fe:41:81,60%,-70,802.11n,1,12 24,36 48 54
FToilet,WLAN-SMU,Infrastructure,WPA2-Enterprise,CCMP,b0:b8:67:63:30:82,100%,-50,802.11n,1,12 24,36 48 54
FToilet,WLAN-SMU,Infrastructure,WPA2-Enterprise,CCMP,b0:b8:67:63:4a:32,15%,-92.5,802.11ac,124,12 24,36 48 54
FToilet,WLAN-SMU,Infrastructure,WPA2-Enterprise,CCMP,b0:b8:67:62:a0:32,5%,-97.5,802.11ac,112,12 24,36 48 54
FToilet,WLAN-SMU,Infrastructure,WPA2-Enterprise,CCMP,b0:b8:67:63:7f:32,55%,-72.5,802.11ac,108,12 24,36 48 54
FToilet,WLAN-SMU,Infrastructure,WPA2-Enterprise,CCMP,b4:5d:50:fe:41:d1,10%,-95,802.11ac,52,12 24,36 48 54
FToilet,WLAN-SMU,Infrastructure,WPA2-Enterprise,CCMP,b0:b8:67:63:50:b2,60%,-70,802.11ac,153,12 24,36 48 54
FToilet,WLAN-SMU,Infrastructure,WPA2-Enterprise,CCMP,18:64:72:5e:a9:70,100%,-50,802.11ac,149,12 24,36 48 54
FToilet,WLAN-SMU,Infrastructure,WPA2-Enterprise,CCMP,b0:b8:67:63:30:92,50%,-75,802.11ac,149,12 24,36 48 54
FToilet,SMU_Visitor,,,,18:64:72:4c:9a:70,100%,-50,802.11ac,36,12 24,36 48 54
FToilet,SMU_Visitor,,,,b0:b8:67:63:50:a0,50%,-75,802.11n,11,12 24,36 48 54
FToilet,SMU_Visitor,,,,b0:b8:67:63:4f:60,20%,-90,802.11n,6,12 24,36 48 54
FToilet,SMU_Visitor,,,,b0:b8:67:63:6b:80,100%,-50,802.11n,6,12 24,36 48 54
FToilet,SMU_Visitor,,,,18:64:72:5e:a9:61,80%,-60,802.11n,1,12 24,36 48 54
FToilet,SMU_Visitor,,,,b4:5d:50:fe:41:80,100%,-50,802.11n,1,12 24,36 48 54
FToilet,SMU_Visitor,,,,b0:b8:67:63:4a:30,15%,-92.5,802.11ac,124,12 24,36 48 54
FToilet,SMU_Visitor,,,,b0:b8:67:62:a0:30,5%,-97.5,802.11ac,112,12 24,36 48 54
FToilet,SMU_Visitor,,,,b0:b8:67:63:7f:30,55%,-72.5,802.11ac,108,12 24,36 48 54
FToilet,SMU_Visitor,,,,b0:b8:67:63:6b:90,85%,-57.5,802.11ac,60,12 24,36 48 54
FToilet,SMU_Visitor,,,,b0:b8:67:63:57:50,10%,-95,802.11ac,56,12 24,36 48 54
FToilet,SMU_Visitor,,,,b4:5d:50:fe:41:d0,15%,-92.5,802.11ac,52,12 24,36 48 54
FToilet,SMU_Visitor,,,,b0:b8:67:63:50:b0,40%,-80,802.11ac,153,12 24,36 48 54
FToilet,SMU_Visitor,,,,18:64:72:5e:a9:71,100%,-50,802.11ac,149,12 24,36 48 54
FToilet,SMU_Visitor,,,,b0:b8:67:63:30:90,40%,-80,802.11ac,149,12 24,36 48 54
FToilet,eduroam,,,,18:64:72:4c:9a:71,70%,-65,802.11ac,36,12 24,36 48 54
FToilet,eduroam,,,,b0:b8:67:63:50:a1,55%,-72.5,802.11n,11,12 24,36 48 54
FToilet,eduroam,,,,b0:b8:67:63:6b:81,100%,-50,802.11n,6,12 24,36 48 54
FToilet,eduroam,,,,b0:b8:67:63:30:81,90%,-55,802.11n,1,12 24,36 48 54
FToilet,eduroam,,,,b4:5d:50:fe:41:82,75%,-62.5,802.11n,1,12 24,36 48 54
FToilet,eduroam,,,,b0:b8:67:63:4a:31,5%,-97.5,802.11ac,124,12 24,36 48 54
FToilet,eduroam,,,,b0:b8:67:62:1f:b0,25%,-87.5,802.11ac,120,12 24,36 48 54
FToilet,eduroam,,,,b0:b8:67:62:a0:31,5%,-97.5,802.11ac,112,12 24,36 48 54
FToilet,eduroam,,,,b0:b8:67:63:7f:31,55%,-72.5,802.11ac,108,12 24,36 48 54
FToilet,eduroam,,,,b4:5d:50:fe:41:92,40%,-80,802.11ac,100,12 24,36 48 54
FToilet,eduroam,,,,b0:b8:67:63:6b:91,90%,-55,802.11ac,60,12 24,36 48 54
FToilet,eduroam,,,,b4:5d:50:fe:41:d2,10%,-95,802.11ac,52,12 24,36 48 54
FToilet,eduroam,,,,b0:b8:67:63:50:b1,40%,-80,802.11ac,153,12 24,36 48 54
FToilet,eduroam,,,,18:64:72:5e:a9:72,100%,-50,802.11ac,149,12 24,36 48 54
FToilet,eduroam,,,,b0:b8:67:63:30:91,40%,-80,802.11ac,149,12 24,36 48 54
FToilet,eduroam,,,,18:64:72:4c:9a:72,75%,-62.5,802.11ac,36,12 24,36 48 54
LW2.1b,WLAN-SMU,Infrastructure,WPA2-Enterprise,CCMP,b0:b8:67:63:6b:92,90%,-55,802.11ac,60,12 24,36 48 54
LW2.1b,WLAN-SMU,Infrastructure,WPA2-Enterprise,CCMP,b0:b8:67:63:50:a2,65%,-67.5,802.11n,11,12 24,36 48 54
LW2.1b,WLAN-SMU,Infrastructure,WPA2-Enterprise,CCMP,b0:b8:67:63:6b:82,100%,-50,802.11n,6,12 24,36 48 54
LW2.1b,WLAN-SMU,Infrastructure,WPA2-Enterprise,CCMP,b0:b8:67:62:a0:22,75%,-62.5,802.11n,6,12 24,36 48 54
LW2.1b,WLAN-SMU,Infrastructure,WPA2-Enterprise,CCMP,b4:5d:50:fe:41:81,60%,-70,802.11n,1,12 24,36 48 54
LW2.1b,WLAN-SMU,Infrastructure,WPA2-Enterprise,CCMP,b0:b8:67:63:30:82,100%,-50,802.11n,1,12 24,36 48 54
LW2.1b,WLAN-SMU,Infrastructure,WPA2-Enterprise,CCMP,b0:b8:67:63:4a:32,15%,-92.5,802.11ac,124,12 24,36 48 54
LW2.1b,WLAN-SMU,Infrastructure,WPA2-Enterprise,CCMP,b0:b8:67:62:a0:32,5%,-97.5,802.11ac,112,12 24,36 48 54
LW2.1b,WLAN-SMU,Infrastructure,WPA2-Enterprise,CCMP,b0:b8:67:63:7f:32,55%,-72.5,802.11ac,108,12 24,36 48 54
LW2.1b,WLAN-SMU,Infrastructure,WPA2-Enterprise,CCMP,b4:5d:50:fe:41:d1,10%,-95,802.11ac,52,12 24,36 48 54
LW2.1b,WLAN-SMU,Infrastructure,WPA2-Enterprise,CCMP,b0:b8:67:63:50:b2,60%,-70,802.11ac,153,12 24,36 48 54
LW2.1b,WLAN-SMU,Infrastructure,WPA2-Enterprise,CCMP,18:64:72:5e:a9:70,100%,-50,802.11ac,149,12 24,36 48 54
LW2.1b,WLAN-SMU,Infrastructure,WPA2-Enterprise,CCMP,b0:b8:67:63:30:92,50%,-75,802.11ac,149,12 24,36 48 54
LW2.1b,SMU_Visitor,,,,18:64:72:4c:9a:70,100%,-50,802.11ac,36,12 24,36 48 54
LW2.1b,SMU_Visitor,,,,b0:b8:67:63:50:a0,50%,-75,802.11n,11,12 24,36 48 54
LW2.1b,SMU_Visitor,,,,b0:b8:67:63:4f:60,20%,-90,802.11n,6,12 24,36 48 54
LW2.1b,SMU_Visitor,,,,b0:b8:67:63:6b:80,100%,-50,802.11n,6,12 24,36 48 54
LW2.1b,SMU_Visitor,,,,18:64:72:5e:a9:61,80%,-60,802.11n,1,12 24,36 48 54
LW2.1b,SMU_Visitor,,,,b4:5d:50:fe:41:80,100%,-50,802.11n,1,12 24,36 48 54
LW2.1b,SMU_Visitor,,,,b0:b8:67:63:4a:30,15%,-92.5,802.11ac,124,12 24,36 48 54
LW2.1b,SMU_Visitor,,,,b0:b8:67:62:a0:30,5%,-97.5,802.11ac,112,12 24,36 48 54
LW2.1b,SMU_Visitor,,,,b0:b8:67:63:7f:30,55%,-72.5,802.11ac,108,12 24,36 48 54
LW2.1b,SMU_Visitor,,,,b0:b8:67:63:6b:90,85%,-57.5,802.11ac,60,12 24,36 48 54
LW2.1b,SMU_Visitor,,,,b0:b8:67:63:57:50,10%,-95,802.11ac,56,12 24,36 48 54
LW2.1b,SMU_Visitor,,,,b4:5d:50:fe:41:d0,15%,-92.5,802.11ac,52,12 24,36 48 54
LW2.1b,SMU_Visitor,,,,b0:b8:67:63:50:b0,40%,-80,802.11ac,153,12 24,36 48 54
LW2.1b,SMU_Visitor,,,,18:64:72:5e:a9:71,100%,-50,802.11ac,149,12 24,36 48 54
LW2.1b,SMU_Visitor,,,,b0:b8:67:63:30:90,40%,-80,802.11ac,149,12 24,36 48 54
LW2.1b,eduroam,,,,18:64:72:4c:9a:71,70%,-65,802.11ac,36,12 24,36 48 54
LW2.1b,eduroam,,,,b0:b8:67:63:50:a1,55%,-72.5,802.11n,11,12 24,36 48 54
LW2.1b,eduroam,,,,b0:b8:67:63:6b:81,100%,-50,802.11n,6,12 24,36 48 54
LW2.1b,eduroam,,,,b0:b8:67:63:30:81,90%,-55,802.11n,1,12 24,36 48 54
LW2.1b,eduroam,,,,b4:5d:50:fe:41:82,75%,-62.5,802.11n,1,12 24,36 48 54
LW2.1b,eduroam,,,,b0:b8:67:63:4a:31,5%,-97.5,802.11ac,124,12 24,36 48 54
LW2.1b,eduroam,,,,b0:b8:67:62:1f:b0,25%,-87.5,802.11ac,120,12 24,36 48 54
LW2.1b,eduroam,,,,b0:b8:67:62:a0:31,5%,-97.5,802.11ac,112,12 24,36 48 54
LW2.1b,eduroam,,,,b0:b8:67:63:7f:31,55%,-72.5,802.11ac,108,12 24,36 48 54
LW2.1b,eduroam,,,,b4:5d:50:fe:41:92,40%,-80,802.11ac,100,12 24,36 48 54
LW2.1b,eduroam,,,,b0:b8:67:63:6b:91,90%,-55,802.11ac,60,12 24,36 48 54
LW2.1b,eduroam,,,,b4:5d:50:fe:41:d2,10%,-95,802.11ac,52,12 24,36 48 54
LW2.1b,eduroam,,,,b0:b8:67:63:50:b1,40%,-80,802.11ac,153,12 24,36 48 54
LW2.1b,eduroam,,,,18:64:72:5e:a9:72,100%,-50,802.11ac,149,12 24,36 48 54
LW2.1b,eduroam,,,,b0:b8:67:63:30:91,40%,-80,802.11ac,149,12 24,36 48 54
LW2.1b,eduroam,,,,18:64:72:4c:9a:72,75%,-62.5,802.11ac,36,12 24,36 48 54
Lift2,WLAN-SMU,Infrastructure,WPA2-Enterprise,CCMP,b0:b8:67:63:6b:92,90%,-55,802.11ac,60,12 24,36 48 54
Lift2,WLAN-SMU,Infrastructure,WPA2-Enterprise,CCMP,b0:b8:67:63:50:a2,65%,-67.5,802.11n,11,12 24,36 48 54
Lift2,WLAN-SMU,Infrastructure,WPA2-Enterprise,CCMP,b0:b8:67:63:6b:82,100%,-50,802.11n,6,12 24,36 48 54
Lift2,WLAN-SMU,Infrastructure,WPA2-Enterprise,CCMP,b0:b8:67:62:a0:22,75%,-62.5,802.11n,6,12 24,36 48 54
Lift2,WLAN-SMU,Infrastructure,WPA2-Enterprise,CCMP,b4:5d:50:fe:41:81,60%,-70,802.11n,1,12 24,36 48 54
Lift2,WLAN-SMU,Infrastructure,WPA2-Enterprise,CCMP,b0:b8:67:63:30:82,100%,-50,802.11n,1,12 24,36 48 54
Lift2,WLAN-SMU,Infrastructure,WPA2-Enterprise,CCMP,b0:b8:67:63:4a:32,15%,-92.5,802.11ac,124,12 24,36 48 54
Lift2,WLAN-SMU,Infrastructure,WPA2-Enterprise,CCMP,b0:b8:67:62:a0:32,5%,-97.5,802.11ac,112,12 24,36 48 54
Lift2,WLAN-SMU,Infrastructure,WPA2-Enterprise,CCMP,b0:b8:67:63:7f:32,55%,-72.5,802.11ac,108,12 24,36 48 54
Lift2,WLAN-SMU,Infrastructure,WPA2-Enterprise,CCMP,b4:5d:50:fe:41:d1,10%,-95,802.11ac,52,12 24,36 48 54
Lift2,WLAN-SMU,Infrastructure,WPA2-Enterprise,CCMP,b0:b8:67:63:50:b2,60%,-70,802.11ac,153,12 24,36 48 54
Lift2,WLAN-SMU,Infrastructure,WPA2-Enterprise,CCMP,18:64:72:5e:a9:70,100%,-50,802.11ac,149,12 24,36 48 54
Lift2,WLAN-SMU,Infrastructure,WPA2-Enterprise,CCMP,b0:b8:67:63:30:92,50%,-75,802.11ac,149,12 24,36 48 54
Lift2,SMU_Visitor,,,,18:64:72:4c:9a:70,100%,-50,802.11ac,36,12 24,36 48 54
Lift2,SMU_Visitor,,,,b0:b8:67:63:50:a0,50%,-75,802.11n,11,12 24,36 48 54
Lift2,SMU_Visitor,,,,b0:b8:67:63:4f:60,20%,-90,802.11n,6,12 24,36 48 54
Lift2,SMU_Visitor,,,,b0:b8:67:63:6b:80,100%,-50,802.11n,6,12 24,36 48 54
Lift2,SMU_Visitor,,,,18:64:72:5e:a9:61,80%,-60,802.11n,1,12 24,36 48 54
Lift2,SMU_Visitor,,,,b4:5d:50:fe:41:80,100%,-50,802.11n,1,12 24,36 48 54
Lift2,SMU_Visitor,,,,b0:b8:67:63:4a:30,15%,-92.5,802.11ac,124,12 24,36 48 54
Lift2,SMU_Visitor,,,,b0:b8:67:62:a0:30,5%,-97.5,802.11ac,112,12 24,36 48 54
Lift2,SMU_Visitor,,,,b0:b8:67:63:7f:30,55%,-72.5,802.11ac,108,12 24,36 48 54
Lift2,SMU_Visitor,,,,b0:b8:67:63:6b:90,85%,-57.5,802.11ac,60,12 24,36 48 54
Lift2,SMU_Visitor,,,,b0:b8:67:63:57:50,10%,-95,802.11ac,56,12 24,36 48 54
Lift2,SMU_Visitor,,,,b4:5d:50:fe:41:d0,15%,-92.5,802.11ac,52,12 24,36 48 54
Lift2,SMU_Visitor,,,,b0:b8:67:63:50:b0,40%,-80,802.11ac,153,12 24,36 48 54
Lift2,SMU_Visitor,,,,18:64:72:5e:a9:71,100%,-50,802.11ac,149,12 24,36 48 54
Lift2,SMU_Visitor,,,,b0:b8:67:63:30:90,40%,-80,802.11ac,149,12 24,36 48 54
Lift2,eduroam,,,,18:64:72:4c:9a:71,70%,-65,802.11ac,36,12 24,36 48 54
Lift2,eduroam,,,,b0:b8:67:63:50:a1,55%,-72.5,802.11n,11,12 24,36 48 54
Lift2,eduroam,,,,b0:b8:67:63:6b:81,100%,-50,802.11n,6,12 24,36 48 54
Lift2,eduroam,,,,b0:b8:67:63:30:81,90%,-55,802.11n,1,12 24,36 48 54
Lift2,eduroam,,,,b4:5d:50:fe:41:82,75%,-62.5,802.11n,1,12 24,36 48 54
Lift2,eduroam,,,,b0:b8:67:63:4a:31,5%,-97.5,802.11ac,124,12 24,36 48 54
Lift2,eduroam,,,,b0:b8:67:62:1f:b0,25%,-87.5,802.11ac,120,12 24,36 48 54
Lift2,eduroam,,,,b0:b8:67:62:a0:31,5%,-97.5,802.11ac,112,12 24,36 48 54
Lift2,eduroam,,,,b0:b8:67:63:7f:31,55%,-72.5,802.11ac,108,12 24,36 48 54
Lift2,eduroam,,,,b4:5d:50:fe:41:92,40%,-80,802.11ac,100,12 24,36 48 54
Lift2,eduroam,,,,b0:b8:67:63:6b:91,90%,-55,802.11ac,60,12 24,36 48 54
Lift2,eduroam,,,,b4:5d:50:fe:41:d2,10%,-95,802.11ac,52,12 24,36 48 54
Lift2,eduroam,,,,b0:b8:67:63:50:b1,40%,-80,802.11ac,153,12 24,36 48 54
Lift2,eduroam,,,,18:64:72:5e:a9:72,100%,-50,802.11ac,149,12 24,36 48 54
Lift2,eduroam,,,,b0:b8:67:63:30:91,40%,-80,802.11ac,149,12 24,36 48 54
Lift2,eduroam,,,,18:64:72:4c:9a:72,75%,-62.5,802.11ac,36,12 24,36 48 54
Lift1,WLAN-SMU,Infrastructure,WPA2-Enterprise,CCMP,b0:b8:67:63:6b:92,90%,-55,802.11ac,60,12 24,36 48 54
Lift1,WLAN-SMU,Infrastructure,WPA2-Enterprise,CCMP,b0:b8:67:63:50:a2,65%,-67.5,802.11n,11,12 24,36 48 54
Lift1,WLAN-SMU,Infrastructure,WPA2-Enterprise,CCMP,b0:b8:67:63:6b:82,100%,-50,802.11n,6,12 24,36 48 54
Lift1,WLAN-SMU,Infrastructure,WPA2-Enterprise,CCMP,b0:b8:67:62:a0:22,75%,-62.5,802.11n,6,12 24,36 48 54
Lift1,WLAN-SMU,Infrastructure,WPA2-Enterprise,CCMP,b4:5d:50:fe:41:81,60%,-70,802.11n,1,12 24,36 48 54
Lift1,WLAN-SMU,Infrastructure,WPA2-Enterprise,CCMP,b0:b8:67:63:30:82,100%,-50,802.11n,1,12 24,36 48 54
Lift1,WLAN-SMU,Infrastructure,WPA2-Enterprise,CCMP,b0:b8:67:63:4a:32,15%,-92.5,802.11ac,124,12 24,36 48 54
Lift1,WLAN-SMU,Infrastructure,WPA2-Enterprise,CCMP,b0:b8:67:62:a0:32,5%,-97.5,802.11ac,112,12 24,36 48 54
Lift1,WLAN-SMU,Infrastructure,WPA2-Enterprise,CCMP,b0:b8:67:63:7f:32,55%,-72.5,802.11ac,108,12 24,36 48 54
Lift1,WLAN-SMU,Infrastructure,WPA2-Enterprise,CCMP,b4:5d:50:fe:41:d1,10%,-95,802.11ac,52,12 24,36 48 54
Lift1,WLAN-SMU,Infrastructure,WPA2-Enterprise,CCMP,b0:b8:67:63:50:b2,60%,-70,802.11ac,153,12 24,36 48 54
Lift1,WLAN-SMU,Infrastructure,WPA2-Enterprise,CCMP,18:64:72:5e:a9:70,100%,-50,802.11ac,149,12 24,36 48 54
Lift1,WLAN-SMU,Infrastructure,WPA2-Enterprise,CCMP,b0:b8:67:63:30:92,50%,-75,802.11ac,149,12 24,36 48 54
Lift1,SMU_Visitor,,,,18:64:72:4c:9a:70,100%,-50,802.11ac,36,12 24,36 48 54
Lift1,SMU_Visitor,,,,b0:b8:67:63:50:a0,50%,-75,802.11n,11,12 24,36 48 54
Lift1,SMU_Visitor,,,,b0:b8:67:63:4f:60,20%,-90,802.11n,6,12 24,36 48 54
Lift1,SMU_Visitor,,,,b0:b8:67:63:6b:80,100%,-50,802.11n,6,12 24,36 48 54
Lift1,SMU_Visitor,,,,18:64:72:5e:a9:61,80%,-60,802.11n,1,12 24,36 48 54
Lift1,SMU_Visitor,,,,b4:5d:50:fe:41:80,100%,-50,802.11n,1,12 24,36 48 54
Lift1,SMU_Visitor,,,,b0:b8:67:63:4a:30,15%,-92.5,802.11ac,124,12 24,36 48 54
Lift1,SMU_Visitor,,,,b0:b8:67:62:a0:30,5%,-97.5,802.11ac,112,12 24,36 48 54
Lift1,SMU_Visitor,,,,b0:b8:67:63:7f:30,55%,-72.5,802.11ac,108,12 24,36 48 54
Lift1,SMU_Visitor,,,,b0:b8:67:63:6b:90,85%,-57.5,802.11ac,60,12 24,36 48 54
Lift1,SMU_Visitor,,,,b0:b8:67:63:57:50,10%,-95,802.11ac,56,12 24,36 48 54
Lift1,SMU_Visitor,,,,b4:5d:50:fe:41:d0,15%,-92.5,802.11ac,52,12 24,36 48 54
Lift1,SMU_Visitor,,,,b0:b8:67:63:50:b0,40%,-80,802.11ac,153,12 24,36 48 54
Lift1,SMU_Visitor,,,,18:64:72:5e:a9:71,100%,-50,802.11ac,149,12 24,36 48 54
Lift1,SMU_Visitor,,,,b0:b8:67:63:30:90,40%,-80,802.11ac,149,12 24,36 48 54
Lift1,eduroam,,,,18:64:72:4c:9a:71,70%,-65,802.11ac,36,12 24,36 48 54
Lift1,eduroam,,,,b0:b8:67:63:50:a1,55%,-72.5,802.11n,11,12 24,36 48 54
Lift1,eduroam,,,,b0:b8:67:63:6b:81,100%,-50,802.11n,6,12 24,36 48 54
Lift1,eduroam,,,,b0:b8:67:63:30:81,90%,-55,802.11n,1,12 24,36 48 54
Lift1,eduroam,,,,b4:5d:50:fe:41:82,75%,-62.5,802.11n,1,12 24,36 48 54
Lift1,eduroam,,,,b0:b8:67:63:4a:31,5%,-97.5,802.11ac,124,12 24,36 48 54
Lift1,eduroam,,,,b0:b8:67:62:1f:b0,25%,-87.5,802.11ac,120,12 24,36 48 54
Lift1,eduroam,,,,b0:b8:67:62:a0:31,5%,-97.5,802.11ac,112,12 24,36 48 54
Lift1,eduroam,,,,b0:b8:67:63:7f:31,55%,-72.5,802.11ac,108,12 24,36 48 54
Lift1,eduroam,,,,b4:5d:50:fe:41:92,40%,-80,802.11ac,100,12 24,36 48 54
Lift1,eduroam,,,,b0:b8:67:63:6b:91,90%,-55,802.11ac,60,12 24,36 48 54
Lift1,eduroam,,,,b4:5d:50:fe:41:d2,10%,-95,802.11ac,52,12 24,36 48 54
Lift1,eduroam,,,,b0:b8:67:63:50:b1,40%,-80,802.11ac,153,12 24,36 48 54
Lift1,eduroam,,,,18:64:72:5e:a9:72,100%,-50,802.11ac,149,12 24,36 48 54
Lift1,eduroam,,,,b0:b8:67:63:30:91,40%,-80,802.11ac,149,12 24,36 48 54
Lift1,eduroam,,,,18:64:72:4c:9a:72,75%,-62.5,802.11ac,36,12 24,36 48 54
MToilet,WLAN-SMU,Infrastructure,WPA2-Enterprise,CCMP,b0:b8:67:63:6b:92,100%,-50,802.11ac,60,12 24,36 48 54
MToilet,WLAN-SMU,Infrastructure,WPA2-Enterprise,CCMP,b0:b8:67:63:50:a2,65%,-67.5,802.11n,11,12 24,36 48 54
MToilet,WLAN-SMU,Infrastructure,WPA2-Enterprise,CCMP,b0:b8:67:63:6b:82,100%,-50,802.11n,6,12 24,36 48 54
MToilet,WLAN-SMU,Infrastructure,WPA2-Enterprise,CCMP,b0:b8:67:62:a0:22,75%,-62.5,802.11n,6,12 24,36 48 54
MToilet,WLAN-SMU,Infrastructure,WPA2-Enterprise,CCMP,b4:5d:50:fe:41:81,60%,-70,802.11n,1,12 24,36 48 54
MToilet,WLAN-SMU,Infrastructure,WPA2-Enterprise,CCMP,b0:b8:67:63:30:82,100%,-50,802.11n,1,12 24,36 48 54
MToilet,WLAN-SMU,Infrastructure,WPA2-Enterprise,CCMP,b0:b8:67:63:4a:32,15%,-92.5,802.11ac,124,12 24,36 48 54
MToilet,WLAN-SMU,Infrastructure,WPA2-Enterprise,CCMP,b0:b8:67:62:a0:32,5%,-97.5,802.11ac,112,12 24,36 48 54
MToilet,WLAN-SMU,Infrastructure,WPA2-Enterprise,CCMP,b0:b8:67:63:7f:32,55%,-72.5,802.11ac,108,12 24,36 48 54
MToilet,WLAN-SMU,Infrastructure,WPA2-Enterprise,CCMP,b4:5d:50:fe:41:d1,10%,-95,802.11ac,52,12 24,36 48 54
MToilet,WLAN-SMU,Infrastructure,WPA2-Enterprise,CCMP,b0:b8:67:63:50:b2,60%,-70,802.11ac,153,12 24,36 48 54
MToilet,WLAN-SMU,Infrastructure,WPA2-Enterprise,CCMP,18:64:72:5e:a9:70,100%,-50,802.11ac,149,12 24,36 48 54
MToilet,WLAN-SMU,Infrastructure,WPA2-Enterprise,CCMP,b0:b8:67:63:30:92,50%,-75,802.11ac,149,12 24,36 48 54
MToilet,SMU_Visitor,,,,18:64:72:4c:9a:70,100%,-50,802.11ac,36,12 24,36 48 54
MToilet,SMU_Visitor,,,,b0:b8:67:63:50:a0,50%,-75,802.11n,11,12 24,36 48 54
MToilet,SMU_Visitor,,,,b0:b8:67:63:4f:60,20%,-90,802.11n,6,12 24,36 48 54
MToilet,SMU_Visitor,,,,b0:b8:67:63:6b:80,100%,-50,802.11n,6,12 24,36 48 54
MToilet,SMU_Visitor,,,,18:64:72:5e:a9:61,80%,-60,802.11n,1,12 24,36 48 54
MToilet,SMU_Visitor,,,,b4:5d:50:fe:41:80,100%,-50,802.11n,1,12 24,36 48 54
MToilet,SMU_Visitor,,,,b0:b8:67:63:4a:30,15%,-92.5,802.11ac,124,12 24,36 48 54
MToilet,SMU_Visitor,,,,b0:b8:67:62:a0:30,5%,-97.5,802.11ac,112,12 24,36 48 54
MToilet,SMU_Visitor,,,,b0:b8:67:63:7f:30,55%,-72.5,802.11ac,108,12 24,36 48 54
MToilet,SMU_Visitor,,,,b0:b8:67:63:6b:90,85%,-57.5,802.11ac,60,12 24,36 48 54
MToilet,SMU_Visitor,,,,b0:b8:67:63:57:50,10%,-95,802.11ac,56,12 24,36 48 54
MToilet,SMU_Visitor,,,,b4:5d:50:fe:41:d0,15%,-92.5,802.11ac,52,12 24,36 48 54
MToilet,SMU_Visitor,,,,b0:b8:67:63:50:b0,40%,-80,802.11ac,153,12 24,36 48 54
MToilet,SMU_Visitor,,,,18:64:72:5e:a9:71,100%,-50,802.11ac,149,12 24,36 48 54
MToilet,SMU_Visitor,,,,b0:b8:67:63:30:90,40%,-80,802.11ac,149,12 24,36 48 54
MToilet,eduroam,,,,18:64:72:4c:9a:71,70%,-65,802.11ac,36,12 24,36 48 54
MToilet,eduroam,,,,b0:b8:67:63:50:a1,55%,-72.5,802.11n,11,12 24,36 48 54
MToilet,eduroam,,,,b0:b8:67:63:6b:81,100%,-50,802.11n,6,12 24,36 48 54
MToilet,eduroam,,,,b0:b8:67:63:30:81,90%,-55,802.11n,1,12 24,36 48 54
MToilet,eduroam,,,,b4:5d:50:fe:41:82,75%,-62.5,802.11n,1,12 24,36 48 54
MToilet,eduroam,,,,b0:b8:67:63:4a:31,5%,-97.5,802.11ac,124,12 24,36 48 54
MToilet,eduroam,,,,b0:b8:67:62:1f:b0,25%,-87.5,802.11ac,120,12 24,36 48 54
MToilet,eduroam,,,,b0:b8:67:62:a0:31,5%,-97.5,802.11ac,112,12 24,36 48 54
MToilet,eduroam,,,,b0:b8:67:63:7f:31,55%,-72.5,802.11ac,108,12 24,36 48 54
MToilet,eduroam,,,,b4:5d:50:fe:41:92,40%,-80,802.11ac,100,12 24,36 48 54
MToilet,eduroam,,,,b0:b8:67:63:6b:91,90%,-55,802.11ac,60,12 24,36 48 54
MToilet,eduroam,,,,b4:5d:50:fe:41:d2,10%,-95,802.11ac,52,12 24,36 48 54
MToilet,eduroam,,,,b0:b8:67:63:50:b1,40%,-80,802.11ac,153,12 24,36 48 54
MToilet,eduroam,,,,18:64:72:5e:a9:72,100%,-50,802.11ac,149,12 24,36 48 54
MToilet,eduroam,,,,b0:b8:67:63:30:91,40%,-80,802.11ac,149,12 24,36 48 54
MToilet,eduroam,,,,18:64:72:4c:9a:72,75%,-62.5,802.11ac,36,12 24,36 48 54
